date,currency,country_code,rate_to_usd,volatility_30d
2015-01,INR,IN,80.099165,0.004
2015-01,CNY,CN,7.233319,0.004
2015-01,USD,US,1.030533,0.004
2015-01,EUR,DE,0.885929,0.004
2015-01,JPY,JP,150.609103,0.004
2015-01,VND,VN,25126.712879,0.004
2015-01,BRL,BR,5.09925,0.004
2015-01,KRW,KR,1299.122242,0.004
2015-01,MXN,MX,17.947667,0.004
2015-01,THB,TH,35.166282,0.004
2015-01,PLN,PL,4.159138,0.004
2015-01,TRY,TR,27.252487,0.004
2015-01,ZAR,ZA,19.171144,0.004
2015-01,AUD,AU,1.55803,0.004
2015-01,CAD,CA,1.389788,0.004
2015-02,INR,IN,81.243378,0.00732
2015-02,CNY,CN,7.343218,0.00732
2015-02,USD,US,1.022276,0.00732
2015-02,EUR,DE,0.890154,0.00732
2015-02,JPY,JP,149.527224,0.00732
2015-02,VND,VN,25047.620568,0.00732
2015-02,BRL,BR,4.935941,0.00732
2015-02,KRW,KR,1321.841132,0.00732
2015-02,MXN,MX,17.721735,0.00732
2015-02,THB,TH,34.872329,0.00732
2015-02,PLN,PL,4.119552,0.00732
2015-02,TRY,TR,27.494274,0.00732
2015-02,ZAR,ZA,19.101649,0.00732
2015-02,AUD,AU,1.548675,0.00732
2015-02,CAD,CA,1.393304,0.00732
2015-03,INR,IN,80.823231,0.01054
2015-03,CNY,CN,7.305451,0.01054
2015-03,USD,US,1.033074,0.01054
2015-03,EUR,DE,0.894105,0.01054
2015-03,JPY,JP,150.786692,0.01054
2015-03,VND,VN,25184.398386,0.01054
2015-03,BRL,BR,5.037931,0.01054
2015-03,KRW,KR,1293.182507,0.01054
2015-03,MXN,MX,17.705209,0.01054
2015-03,THB,TH,35.233128,0.01054
2015-03,PLN,PL,4.074536,0.01054
2015-03,TRY,TR,27.256127,0.01054
2015-03,ZAR,ZA,19.093079,0.01054
2015-03,AUD,AU,1.552436,0.01054
2015-03,CAD,CA,1.388488,0.01054
2015-04,INR,IN,78.907825,0.01359
2015-04,CNY,CN,7.309568,0.01359
2015-04,USD,US,1.037498,0.01359
2015-04,EUR,DE,0.879386,0.01359
2015-04,JPY,JP,148.422675,0.01359
2015-04,VND,VN,25255.775892,0.01359
2015-04,BRL,BR,4.974717,0.01359
2015-04,KRW,KR,1287.786636,0.01359
2015-04,MXN,MX,17.34088,0.01359
2015-04,THB,TH,35.021765,0.01359
2015-04,PLN,PL,4.121475,0.01359
2015-04,TRY,TR,27.037885,0.01359
2015-04,ZAR,ZA,19.165083,0.01359
2015-04,AUD,AU,1.571603,0.01359
2015-04,CAD,CA,1.405135,0.01359
2015-05,INR,IN,80.771956,0.01637
2015-05,CNY,CN,7.399,0.01637
2015-05,USD,US,1.032555,0.01637
2015-05,EUR,DE,0.884807,0.01637
2015-05,JPY,JP,148.634182,0.01637
2015-05,VND,VN,25006.250944,0.01637
2015-05,BRL,BR,5.024176,0.01637
2015-05,KRW,KR,1291.941102,0.01637
2015-05,MXN,MX,17.486222,0.01637
2015-05,THB,TH,34.886294,0.01637
2015-05,PLN,PL,4.113609,0.01637
2015-05,TRY,TR,27.586114,0.01637
2015-05,ZAR,ZA,18.932109,0.01637
2015-05,AUD,AU,1.558249,0.01637
2015-05,CAD,CA,1.395523,0.01637
2015-06,INR,IN,81.247964,0.0188
2015-06,CNY,CN,7.254037,0.0188
2015-06,USD,US,1.031026,0.0188
2015-06,EUR,DE,0.887326,0.0188
2015-06,JPY,JP,145.119552,0.0188
2015-06,VND,VN,25061.101241,0.0188
2015-06,BRL,BR,4.994728,0.0188
2015-06,KRW,KR,1304.196652,0.0188
2015-06,MXN,MX,17.589433,0.0188
2015-06,THB,TH,35.284723,0.0188
2015-06,PLN,PL,4.054859,0.0188
2015-06,TRY,TR,27.116819,0.0188
2015-06,ZAR,ZA,19.188988,0.0188
2015-06,AUD,AU,1.562761,0.0188
2015-06,CAD,CA,1.427962,0.0188
2015-07,INR,IN,81.045168,0.02083
2015-07,CNY,CN,7.282213,0.02083
2015-07,USD,US,1.023734,0.02083
2015-07,EUR,DE,0.886539,0.02083
2015-07,JPY,JP,144.299286,0.02083
2015-07,VND,VN,25792.906791,0.02083
2015-07,BRL,BR,4.934753,0.02083
2015-07,KRW,KR,1272.520133,0.02083
2015-07,MXN,MX,17.169163,0.02083
2015-07,THB,TH,35.013568,0.02083
2015-07,PLN,PL,4.096482,0.02083
2015-07,TRY,TR,27.557864,0.02083
2015-07,ZAR,ZA,19.190549,0.02083
2015-07,AUD,AU,1.539346,0.02083
2015-07,CAD,CA,1.392387,0.02083
2015-08,INR,IN,81.186825,0.02239
2015-08,CNY,CN,7.290654,0.02239
2015-08,USD,US,1.016698,0.02239
2015-08,EUR,DE,0.887003,0.02239
2015-08,JPY,JP,148.14994,0.02239
2015-08,VND,VN,25490.609225,0.02239
2015-08,BRL,BR,4.934068,0.02239
2015-08,KRW,KR,1279.377251,0.02239
2015-08,MXN,MX,17.431641,0.02239
2015-08,THB,TH,34.544353,0.02239
2015-08,PLN,PL,4.074733,0.02239
2015-08,TRY,TR,27.412495,0.02239
2015-08,ZAR,ZA,19.050673,0.02239
2015-08,AUD,AU,1.560554,0.02239
2015-08,CAD,CA,1.411083,0.02239
2015-09,INR,IN,79.655756,0.02344
2015-09,CNY,CN,7.269526,0.02344
2015-09,USD,US,1.033703,0.02344
2015-09,EUR,DE,0.887345,0.02344
2015-09,JPY,JP,146.10512,0.02344
2015-09,VND,VN,25225.726439,0.02344
2015-09,BRL,BR,4.94627,0.02344
2015-09,KRW,KR,1295.346933,0.02344
2015-09,MXN,MX,17.234967,0.02344
2015-09,THB,TH,35.061047,0.02344
2015-09,PLN,PL,4.065741,0.02344
2015-09,TRY,TR,27.64445,0.02344
2015-09,ZAR,ZA,18.962763,0.02344
2015-09,AUD,AU,1.574633,0.02344
2015-09,CAD,CA,1.385214,0.02344
2015-10,INR,IN,81.893288,0.02395
2015-10,CNY,CN,7.235541,0.02395
2015-10,USD,US,1.026435,0.02395
2015-10,EUR,DE,0.892325,0.02395
2015-10,JPY,JP,145.910879,0.02395
2015-10,VND,VN,25418.26574,0.02395
2015-10,BRL,BR,4.939313,0.02395
2015-10,KRW,KR,1279.661217,0.02395
2015-10,MXN,MX,17.234101,0.02395
2015-10,THB,TH,34.793885,0.02395
2015-10,PLN,PL,4.081952,0.02395
2015-10,TRY,TR,27.366864,0.02395
2015-10,ZAR,ZA,19.221896,0.02395
2015-10,AUD,AU,1.562109,0.02395
2015-10,CAD,CA,1.385963,0.02395
2015-11,INR,IN,82.440623,0.02391
2015-11,CNY,CN,7.184119,0.02391
2015-11,USD,US,1.046161,0.02391
2015-11,EUR,DE,0.885658,0.02391
2015-11,JPY,JP,146.538826,0.02391
2015-11,VND,VN,25331.724185,0.02391
2015-11,BRL,BR,4.857939,0.02391
2015-11,KRW,KR,1302.490005,0.02391
2015-11,MXN,MX,17.185974,0.02391
2015-11,THB,TH,34.586848,0.02391
2015-11,PLN,PL,4.093527,0.02391
2015-11,TRY,TR,27.610998,0.02391
2015-11,ZAR,ZA,18.887932,0.02391
2015-11,AUD,AU,1.55856,0.02391
2015-11,CAD,CA,1.379733,0.02391
2015-12,INR,IN,81.474103,0.02331
2015-12,CNY,CN,7.221243,0.02331
2015-12,USD,US,1.023572,0.02331
2015-12,EUR,DE,0.89187,0.02331
2015-12,JPY,JP,146.546339,0.02331
2015-12,VND,VN,25253.542424,0.02331
2015-12,BRL,BR,4.929435,0.02331
2015-12,KRW,KR,1261.102624,0.02331
2015-12,MXN,MX,17.081006,0.02331
2015-12,THB,TH,34.984408,0.02331
2015-12,PLN,PL,4.060212,0.02331
2015-12,TRY,TR,28.0731,0.02331
2015-12,ZAR,ZA,18.866262,0.02331
2015-12,AUD,AU,1.57778,0.02331
2015-12,CAD,CA,1.381287,0.02331
2016-01,INR,IN,82.325216,0.02219
2016-01,CNY,CN,7.206684,0.02219
2016-01,USD,US,1.040162,0.02219
2016-01,EUR,DE,0.877041,0.02219
2016-01,JPY,JP,145.101062,0.02219
2016-01,VND,VN,25298.438632,0.02219
2016-01,BRL,BR,4.834443,0.02219
2016-01,KRW,KR,1264.177372,0.02219
2016-01,MXN,MX,17.07846,0.02219
2016-01,THB,TH,34.712863,0.02219
2016-01,PLN,PL,4.031827,0.02219
2016-01,TRY,TR,27.788616,0.02219
2016-01,ZAR,ZA,18.880694,0.02219
2016-01,AUD,AU,1.583865,0.02219
2016-01,CAD,CA,1.375687,0.02219
2016-02,INR,IN,81.768568,0.02055
2016-02,CNY,CN,7.149413,0.02055
2016-02,USD,US,1.036316,0.02055
2016-02,EUR,DE,0.892756,0.02055
2016-02,JPY,JP,145.317474,0.02055
2016-02,VND,VN,25580.730409,0.02055
2016-02,BRL,BR,4.923246,0.02055
2016-02,KRW,KR,1270.39778,0.02055
2016-02,MXN,MX,17.012717,0.02055
2016-02,THB,TH,34.536727,0.02055
2016-02,PLN,PL,4.053811,0.02055
2016-02,TRY,TR,28.063876,0.02055
2016-02,ZAR,ZA,18.922642,0.02055
2016-02,AUD,AU,1.560426,0.02055
2016-02,CAD,CA,1.379772,0.02055
2016-03,INR,IN,82.537194,0.01846
2016-03,CNY,CN,7.083902,0.01846
2016-03,USD,US,1.03514,0.01846
2016-03,EUR,DE,0.889582,0.01846
2016-03,JPY,JP,145.075084,0.01846
2016-03,VND,VN,25210.462998,0.01846
2016-03,BRL,BR,4.767173,0.01846
2016-03,KRW,KR,1285.560165,0.01846
2016-03,MXN,MX,17.121681,0.01846
2016-03,THB,TH,34.836128,0.01846
2016-03,PLN,PL,4.038941,0.01846
2016-03,TRY,TR,28.001385,0.01846
2016-03,ZAR,ZA,18.761674,0.01846
2016-03,AUD,AU,1.57345,0.01846
2016-03,CAD,CA,1.37939,0.01846
2016-04,INR,IN,81.86512,0.01597
2016-04,CNY,CN,7.130787,0.01597
2016-04,USD,US,1.025802,0.01597
2016-04,EUR,DE,0.887766,0.01597
2016-04,JPY,JP,143.693743,0.01597
2016-04,VND,VN,25457.300808,0.01597
2016-04,BRL,BR,4.810968,0.01597
2016-04,KRW,KR,1283.709429,0.01597
2016-04,MXN,MX,16.976802,0.01597
2016-04,THB,TH,33.99526,0.01597
2016-04,PLN,PL,4.004272,0.01597
2016-04,TRY,TR,27.503507,0.01597
2016-04,ZAR,ZA,19.049822,0.01597
2016-04,AUD,AU,1.589687,0.01597
2016-04,CAD,CA,1.372964,0.01597
2016-05,INR,IN,82.437001,0.01315
2016-05,CNY,CN,7.160558,0.01315
2016-05,USD,US,1.025123,0.01315
2016-05,EUR,DE,0.898784,0.01315
2016-05,JPY,JP,144.468262,0.01315
2016-05,VND,VN,25153.882855,0.01315
2016-05,BRL,BR,4.843684,0.01315
2016-05,KRW,KR,1289.952006,0.01315
2016-05,MXN,MX,17.047211,0.01315
2016-05,THB,TH,33.915095,0.01315
2016-05,PLN,PL,3.969978,0.01315
2016-05,TRY,TR,27.52526,0.01315
2016-05,ZAR,ZA,18.870323,0.01315
2016-05,AUD,AU,1.575939,0.01315
2016-05,CAD,CA,1.378713,0.01315
2016-06,INR,IN,82.234515,0.01007
2016-06,CNY,CN,7.075127,0.01007
2016-06,USD,US,1.027708,0.01007
2016-06,EUR,DE,0.889094,0.01007
2016-06,JPY,JP,144.138758,0.01007
2016-06,VND,VN,25179.779651,0.01007
2016-06,BRL,BR,4.725237,0.01007
2016-06,KRW,KR,1277.927111,0.01007
2016-06,MXN,MX,16.873368,0.01007
2016-06,THB,TH,34.494547,0.01007
2016-06,PLN,PL,3.937499,0.01007
2016-06,TRY,TR,27.803932,0.01007
2016-06,ZAR,ZA,18.641792,0.01007
2016-06,AUD,AU,1.575315,0.01007
2016-06,CAD,CA,1.366956,0.01007
2016-07,INR,IN,82.438544,0.00682
2016-07,CNY,CN,7.063628,0.00682
2016-07,USD,US,1.016366,0.00682
2016-07,EUR,DE,0.894965,0.00682
2016-07,JPY,JP,146.370211,0.00682
2016-07,VND,VN,25203.084342,0.00682
2016-07,BRL,BR,4.873796,0.00682
2016-07,KRW,KR,1282.048505,0.00682
2016-07,MXN,MX,16.880523,0.00682
2016-07,THB,TH,33.96897,0.00682
2016-07,PLN,PL,3.975648,0.00682
2016-07,TRY,TR,27.933002,0.00682
2016-07,ZAR,ZA,18.73032,0.00682
2016-07,AUD,AU,1.578855,0.00682
2016-07,CAD,CA,1.355487,0.00682
2016-08,INR,IN,83.717021,0.0045
2016-08,CNY,CN,7.001362,0.0045
2016-08,USD,US,1.01809,0.0045
2016-08,EUR,DE,0.887123,0.0045
2016-08,JPY,JP,144.006643,0.0045
2016-08,VND,VN,24933.943378,0.0045
2016-08,BRL,BR,4.796643,0.0045
2016-08,KRW,KR,1276.552719,0.0045
2016-08,MXN,MX,16.584596,0.0045
2016-08,THB,TH,33.934733,0.0045
2016-08,PLN,PL,3.958179,0.0045
2016-08,TRY,TR,27.986847,0.0045
2016-08,ZAR,ZA,18.432151,0.0045
2016-08,AUD,AU,1.587632,0.0045
2016-08,CAD,CA,1.373031,0.0045
2016-09,INR,IN,83.992097,0.00781
2016-09,CNY,CN,7.090264,0.00781
2016-09,USD,US,1.016351,0.00781
2016-09,EUR,DE,0.896037,0.00781
2016-09,JPY,JP,141.933805,0.00781
2016-09,VND,VN,25434.157208,0.00781
2016-09,BRL,BR,4.845102,0.00781
2016-09,KRW,KR,1300.147262,0.00781
2016-09,MXN,MX,16.743146,0.00781
2016-09,THB,TH,33.920003,0.00781
2016-09,PLN,PL,4.006336,0.00781
2016-09,TRY,TR,28.023949,0.00781
2016-09,ZAR,ZA,18.645035,0.00781
2016-09,AUD,AU,1.569032,0.00781
2016-09,CAD,CA,1.36946,0.00781
2016-10,INR,IN,84.314797,0.01102
2016-10,CNY,CN,6.94874,0.01102
2016-10,USD,US,1.025704,0.01102
2016-10,EUR,DE,0.907314,0.01102
2016-10,JPY,JP,142.582227,0.01102
2016-10,VND,VN,24723.116642,0.01102
2016-10,BRL,BR,4.898577,0.01102
2016-10,KRW,KR,1291.336646,0.01102
2016-10,MXN,MX,16.697799,0.01102
2016-10,THB,TH,34.364024,0.01102
2016-10,PLN,PL,3.918315,0.01102
2016-10,TRY,TR,27.76355,0.01102
2016-10,ZAR,ZA,18.374328,0.01102
2016-10,AUD,AU,1.587228,0.01102
2016-10,CAD,CA,1.361506,0.01102
2016-11,INR,IN,83.860915,0.01403
2016-11,CNY,CN,7.096908,0.01403
2016-11,USD,US,1.01562,0.01403
2016-11,EUR,DE,0.902509,0.01403
2016-11,JPY,JP,144.71986,0.01403
2016-11,VND,VN,24789.609613,0.01403
2016-11,BRL,BR,4.827702,0.01403
2016-11,KRW,KR,1308.158057,0.01403
2016-11,MXN,MX,16.649191,0.01403
2016-11,THB,TH,34.399379,0.01403
2016-11,PLN,PL,3.976868,0.01403
2016-11,TRY,TR,27.856461,0.01403
2016-11,ZAR,ZA,18.329764,0.01403
2016-11,AUD,AU,1.586007,0.01403
2016-11,CAD,CA,1.354352,0.01403
2016-12,INR,IN,84.295004,0.01676
2016-12,CNY,CN,6.977312,0.01676
2016-12,USD,US,1.022336,0.01676
2016-12,EUR,DE,0.902016,0.01676
2016-12,JPY,JP,144.020691,0.01676
2016-12,VND,VN,24685.067211,0.01676
2016-12,BRL,BR,4.768717,0.01676
2016-12,KRW,KR,1276.666929,0.01676
2016-12,MXN,MX,16.877362,0.01676
2016-12,THB,TH,34.555936,0.01676
2016-12,PLN,PL,3.887099,0.01676
2016-12,TRY,TR,27.887793,0.01676
2016-12,ZAR,ZA,18.272637,0.01676
2016-12,AUD,AU,1.570223,0.01676
2016-12,CAD,CA,1.368372,0.01676
2017-01,INR,IN,83.63762,0.01914
2017-01,CNY,CN,7.03582,0.01914
2017-01,USD,US,1.022259,0.01914
2017-01,EUR,DE,0.898377,0.01914
2017-01,JPY,JP,142.91491,0.01914
2017-01,VND,VN,24968.996027,0.01914
2017-01,BRL,BR,4.804121,0.01914
2017-01,KRW,KR,1289.094403,0.01914
2017-01,MXN,MX,16.877479,0.01914
2017-01,THB,TH,34.331369,0.01914
2017-01,PLN,PL,3.911095,0.01914
2017-01,TRY,TR,27.899544,0.01914
2017-01,ZAR,ZA,18.661322,0.01914
2017-01,AUD,AU,1.556756,0.01914
2017-01,CAD,CA,1.353957,0.01914
2017-02,INR,IN,83.686935,0.0211
2017-02,CNY,CN,6.96522,0.0211
2017-02,USD,US,1.016446,0.0211
2017-02,EUR,DE,0.912033,0.0211
2017-02,JPY,JP,142.029273,0.0211
2017-02,VND,VN,24979.351621,0.0211
2017-02,BRL,BR,4.752551,0.0211
2017-02,KRW,KR,1283.577385,0.0211
2017-02,MXN,MX,16.788733,0.0211
2017-02,THB,TH,34.544472,0.0211
2017-02,PLN,PL,3.867501,0.0211
2017-02,TRY,TR,27.998072,0.0211
2017-02,ZAR,ZA,18.378229,0.0211
2017-02,AUD,AU,1.564502,0.0211
2017-02,CAD,CA,1.371634,0.0211
2017-03,INR,IN,84.462094,0.02258
2017-03,CNY,CN,6.9621,0.02258
2017-03,USD,US,1.010574,0.02258
2017-03,EUR,DE,0.902062,0.02258
2017-03,JPY,JP,144.463068,0.02258
2017-03,VND,VN,24725.336957,0.02258
2017-03,BRL,BR,4.837811,0.02258
2017-03,KRW,KR,1294.637896,0.02258
2017-03,MXN,MX,16.702724,0.02258
2017-03,THB,TH,34.077939,0.02258
2017-03,PLN,PL,3.924144,0.02258
2017-03,TRY,TR,27.996568,0.02258
2017-03,ZAR,ZA,18.246313,0.02258
2017-03,AUD,AU,1.539866,0.02258
2017-03,CAD,CA,1.343014,0.02258
2017-04,INR,IN,85.79051,0.02355
2017-04,CNY,CN,6.990217,0.02355
2017-04,USD,US,1.009636,0.02355
2017-04,EUR,DE,0.906885,0.02355
2017-04,JPY,JP,145.683632,0.02355
2017-04,VND,VN,24772.842706,0.02355
2017-04,BRL,BR,4.832616,0.02355
2017-04,KRW,KR,1302.259309,0.02355
2017-04,MXN,MX,16.493756,0.02355
2017-04,THB,TH,34.406482,0.02355
2017-04,PLN,PL,3.867162,0.02355
2017-04,TRY,TR,27.847809,0.02355
2017-04,ZAR,ZA,18.329893,0.02355
2017-04,AUD,AU,1.568964,0.02355
2017-04,CAD,CA,1.332083,0.02355
2017-05,INR,IN,85.387011,0.02398
2017-05,CNY,CN,6.987755,0.02398
2017-05,USD,US,1.008205,0.02398
2017-05,EUR,DE,0.915689,0.02398
2017-05,JPY,JP,145.646265,0.02398
2017-05,VND,VN,24528.801175,0.02398
2017-05,BRL,BR,4.737117,0.02398
2017-05,KRW,KR,1295.226153,0.02398
2017-05,MXN,MX,16.525772,0.02398
2017-05,THB,TH,34.843539,0.02398
2017-05,PLN,PL,3.921297,0.02398
2017-05,TRY,TR,27.768927,0.02398
2017-05,ZAR,ZA,18.115726,0.02398
2017-05,AUD,AU,1.559307,0.02398
2017-05,CAD,CA,1.339665,0.02398
2017-06,INR,IN,84.19638,0.02385
2017-06,CNY,CN,6.959834,0.02385
2017-06,USD,US,0.997319,0.02385
2017-06,EUR,DE,0.920529,0.02385
2017-06,JPY,JP,146.342006,0.02385
2017-06,VND,VN,24250.556128,0.02385
2017-06,BRL,BR,4.842899,0.02385
2017-06,KRW,KR,1307.603068,0.02385
2017-06,MXN,MX,16.529709,0.02385
2017-06,THB,TH,34.238997,0.02385
2017-06,PLN,PL,3.87754,0.02385
2017-06,TRY,TR,27.982172,0.02385
2017-06,ZAR,ZA,18.377244,0.02385
2017-06,AUD,AU,1.550551,0.02385
2017-06,CAD,CA,1.34934,0.02385
2017-07,INR,IN,85.66212,0.02318
2017-07,CNY,CN,6.977783,0.02318
2017-07,USD,US,1.003491,0.02318
2017-07,EUR,DE,0.921234,0.02318
2017-07,JPY,JP,143.236346,0.02318
2017-07,VND,VN,24482.846121,0.02318
2017-07,BRL,BR,4.789634,0.02318
2017-07,KRW,KR,1316.888974,0.02318
2017-07,MXN,MX,16.610426,0.02318
2017-07,THB,TH,34.529219,0.02318
2017-07,PLN,PL,3.881074,0.02318
2017-07,TRY,TR,28.114665,0.02318
2017-07,ZAR,ZA,18.152228,0.02318
2017-07,AUD,AU,1.548558,0.02318
2017-07,CAD,CA,1.308763,0.02318
2017-08,INR,IN,84.975149,0.02197
2017-08,CNY,CN,6.965318,0.02197
2017-08,USD,US,0.987516,0.02197
2017-08,EUR,DE,0.923612,0.02197
2017-08,JPY,JP,141.470984,0.02197
2017-08,VND,VN,24423.502862,0.02197
2017-08,BRL,BR,4.781856,0.02197
2017-08,KRW,KR,1319.941986,0.02197
2017-08,MXN,MX,16.406547,0.02197
2017-08,THB,TH,34.544412,0.02197
2017-08,PLN,PL,3.889548,0.02197
2017-08,TRY,TR,28.042363,0.02197
2017-08,ZAR,ZA,18.134567,0.02197
2017-08,AUD,AU,1.543056,0.02197
2017-08,CAD,CA,1.328617,0.02197
2017-09,INR,IN,86.910526,0.02027
2017-09,CNY,CN,6.749962,0.02027
2017-09,USD,US,0.99905,0.02027
2017-09,EUR,DE,0.922404,0.02027
2017-09,JPY,JP,145.950727,0.02027
2017-09,VND,VN,24639.416389,0.02027
2017-09,BRL,BR,4.781238,0.02027
2017-09,KRW,KR,1308.458335,0.02027
2017-09,MXN,MX,16.499004,0.02027
2017-09,THB,TH,34.318458,0.02027
2017-09,PLN,PL,3.828243,0.02027
2017-09,TRY,TR,27.248847,0.02027
2017-09,ZAR,ZA,18.31274,0.02027
2017-09,AUD,AU,1.556865,0.02027
2017-09,CAD,CA,1.346488,0.02027
2017-10,INR,IN,85.696059,0.01811
2017-10,CNY,CN,6.840013,0.01811
2017-10,USD,US,1.00494,0.01811
2017-10,EUR,DE,0.925654,0.01811
2017-10,JPY,JP,146.411985,0.01811
2017-10,VND,VN,24342.023996,0.01811
2017-10,BRL,BR,4.844762,0.01811
2017-10,KRW,KR,1316.899702,0.01811
2017-10,MXN,MX,16.496128,0.01811
2017-10,THB,TH,34.114314,0.01811
2017-10,PLN,PL,3.85519,0.01811
2017-10,TRY,TR,27.318657,0.01811
2017-10,ZAR,ZA,18.048053,0.01811
2017-10,AUD,AU,1.548231,0.01811
2017-10,CAD,CA,1.322933,0.01811
2017-11,INR,IN,84.719331,0.01556
2017-11,CNY,CN,6.787299,0.01556
2017-11,USD,US,0.988121,0.01556
2017-11,EUR,DE,0.913618,0.01556
2017-11,JPY,JP,144.691796,0.01556
2017-11,VND,VN,24255.226431,0.01556
2017-11,BRL,BR,4.862686,0.01556
2017-11,KRW,KR,1322.23906,0.01556
2017-11,MXN,MX,16.668585,0.01556
2017-11,THB,TH,34.780348,0.01556
2017-11,PLN,PL,3.865194,0.01556
2017-11,TRY,TR,27.1254,0.01556
2017-11,ZAR,ZA,18.071021,0.01556
2017-11,AUD,AU,1.538793,0.01556
2017-11,CAD,CA,1.319069,0.01556
2017-12,INR,IN,85.140115,0.0127
2017-12,CNY,CN,6.894877,0.0127
2017-12,USD,US,0.967822,0.0127
2017-12,EUR,DE,0.914194,0.0127
2017-12,JPY,JP,146.918394,0.0127
2017-12,VND,VN,24227.978705,0.0127
2017-12,BRL,BR,4.85788,0.0127
2017-12,KRW,KR,1327.024763,0.0127
2017-12,MXN,MX,16.761454,0.0127
2017-12,THB,TH,34.915985,0.0127
2017-12,PLN,PL,3.851051,0.0127
2017-12,TRY,TR,27.141177,0.0127
2017-12,ZAR,ZA,17.930323,0.0127
2017-12,AUD,AU,1.536919,0.0127
2017-12,CAD,CA,1.322917,0.0127
2018-01,INR,IN,86.988155,0.00959
2018-01,CNY,CN,6.90702,0.00959
2018-01,USD,US,0.979888,0.00959
2018-01,EUR,DE,0.926727,0.00959
2018-01,JPY,JP,145.814918,0.00959
2018-01,VND,VN,24567.525569,0.00959
2018-01,BRL,BR,4.80546,0.00959
2018-01,KRW,KR,1332.282054,0.00959
2018-01,MXN,MX,16.736312,0.00959
2018-01,THB,TH,34.735669,0.00959
2018-01,PLN,PL,3.84013,0.00959
2018-01,TRY,TR,27.44486,0.00959
2018-01,ZAR,ZA,17.833277,0.00959
2018-01,AUD,AU,1.533434,0.00959
2018-01,CAD,CA,1.314301,0.00959
2018-02,INR,IN,85.693309,0.00633
2018-02,CNY,CN,6.802875,0.00633
2018-02,USD,US,0.988217,0.00633
2018-02,EUR,DE,0.920201,0.00633
2018-02,JPY,JP,145.155998,0.00633
2018-02,VND,VN,24156.442983,0.00633
2018-02,BRL,BR,4.791562,0.00633
2018-02,KRW,KR,1342.913966,0.00633
2018-02,MXN,MX,16.664559,0.00633
2018-02,THB,TH,35.457936,0.00633
2018-02,PLN,PL,3.853388,0.00633
2018-02,TRY,TR,27.248496,0.00633
2018-02,ZAR,ZA,17.828849,0.00633
2018-02,AUD,AU,1.524779,0.00633
2018-02,CAD,CA,1.317233,0.00633
2018-03,INR,IN,85.819288,0.005
2018-03,CNY,CN,6.783467,0.005
2018-03,USD,US,0.983544,0.005
2018-03,EUR,DE,0.941086,0.005
2018-03,JPY,JP,146.079074,0.005
2018-03,VND,VN,23871.101137,0.005
2018-03,BRL,BR,4.814201,0.005
2018-03,KRW,KR,1337.232938,0.005
2018-03,MXN,MX,16.681749,0.005
2018-03,THB,TH,34.616729,0.005
2018-03,PLN,PL,3.821277,0.005
2018-03,TRY,TR,27.013374,0.005
2018-03,ZAR,ZA,17.93958,0.005
2018-03,AUD,AU,1.517635,0.005
2018-03,CAD,CA,1.304986,0.005
2018-04,INR,IN,86.504686,0.0083
2018-04,CNY,CN,6.86053,0.0083
2018-04,USD,US,0.983312,0.0083
2018-04,EUR,DE,0.944332,0.0083
2018-04,JPY,JP,146.139328,0.0083
2018-04,VND,VN,23968.77235,0.0083
2018-04,BRL,BR,4.751405,0.0083
2018-04,KRW,KR,1370.598295,0.0083
2018-04,MXN,MX,16.693133,0.0083
2018-04,THB,TH,35.080515,0.0083
2018-04,PLN,PL,3.900556,0.0083
2018-04,TRY,TR,27.330508,0.0083
2018-04,ZAR,ZA,18.014017,0.0083
2018-04,AUD,AU,1.530993,0.0083
2018-04,CAD,CA,1.31254,0.0083
2018-05,INR,IN,84.431179,0.01148
2018-05,CNY,CN,6.941076,0.01148
2018-05,USD,US,0.978529,0.01148
2018-05,EUR,DE,0.928988,0.01148
2018-05,JPY,JP,148.651676,0.01148
2018-05,VND,VN,24269.474004,0.01148
2018-05,BRL,BR,4.832418,0.01148
2018-05,KRW,KR,1340.565339,0.01148
2018-05,MXN,MX,16.488027,0.01148
2018-05,THB,TH,34.827898,0.01148
2018-05,PLN,PL,3.864628,0.01148
2018-05,TRY,TR,27.22804,0.01148
2018-05,ZAR,ZA,17.794042,0.01148
2018-05,AUD,AU,1.522935,0.01148
2018-05,CAD,CA,1.319898,0.01148
2018-06,INR,IN,86.399618,0.01446
2018-06,CNY,CN,6.816209,0.01446
2018-06,USD,US,0.976037,0.01446
2018-06,EUR,DE,0.948416,0.01446
2018-06,JPY,JP,147.47319,0.01446
2018-06,VND,VN,23756.413056,0.01446
2018-06,BRL,BR,4.805997,0.01446
2018-06,KRW,KR,1353.971176,0.01446
2018-06,MXN,MX,16.713976,0.01446
2018-06,THB,TH,34.966867,0.01446
2018-06,PLN,PL,3.820464,0.01446
2018-06,TRY,TR,26.877666,0.01446
2018-06,ZAR,ZA,17.840428,0.01446
2018-06,AUD,AU,1.489211,0.01446
2018-06,CAD,CA,1.299895,0.01446
2018-07,INR,IN,85.911038,0.01714
2018-07,CNY,CN,6.89861,0.01714
2018-07,USD,US,0.976777,0.01714
2018-07,EUR,DE,0.953176,0.01714
2018-07,JPY,JP,149.285186,0.01714
2018-07,VND,VN,23725.708217,0.01714
2018-07,BRL,BR,4.853875,0.01714
2018-07,KRW,KR,1351.441998,0.01714
2018-07,MXN,MX,16.501566,0.01714
2018-07,THB,TH,34.932242,0.01714
2018-07,PLN,PL,3.873679,0.01714
2018-07,TRY,TR,26.680868,0.01714
2018-07,ZAR,ZA,17.816,0.01714
2018-07,AUD,AU,1.500774,0.01714
2018-07,CAD,CA,1.298888,0.01714
2018-08,INR,IN,86.815029,0.01946
2018-08,CNY,CN,6.845243,0.01946
2018-08,USD,US,0.975854,0.01946
2018-08,EUR,DE,0.942681,0.01946
2018-08,JPY,JP,148.56709,0.01946
2018-08,VND,VN,23933.308626,0.01946
2018-08,BRL,BR,4.828362,0.01946
2018-08,KRW,KR,1352.835656,0.01946
2018-08,MXN,MX,16.621246,0.01946
2018-08,THB,TH,35.576398,0.01946
2018-08,PLN,PL,3.882911,0.01946
2018-08,TRY,TR,26.939604,0.01946
2018-08,ZAR,ZA,17.63837,0.01946
2018-08,AUD,AU,1.511144,0.01946
2018-08,CAD,CA,1.307358,0.01946
2018-09,INR,IN,86.154486,0.02135
2018-09,CNY,CN,6.774194,0.02135
2018-09,USD,US,0.972178,0.02135
2018-09,EUR,DE,0.944827,0.02135
2018-09,JPY,JP,149.777446,0.02135
2018-09,VND,VN,23479.385591,0.02135
2018-09,BRL,BR,4.897124,0.02135
2018-09,KRW,KR,1357.559984,0.02135
2018-09,MXN,MX,16.821465,0.02135
2018-09,THB,TH,35.213116,0.02135
2018-09,PLN,PL,3.837641,0.02135
2018-09,TRY,TR,26.95559,0.02135
2018-09,ZAR,ZA,17.677904,0.02135
2018-09,AUD,AU,1.521252,0.02135
2018-09,CAD,CA,1.297656,0.02135
2018-10,INR,IN,85.824296,0.02276
2018-10,CNY,CN,6.884055,0.02276
2018-10,USD,US,0.978071,0.02276
2018-10,EUR,DE,0.947071,0.02276
2018-10,JPY,JP,146.894249,0.02276
2018-10,VND,VN,23883.70186,0.02276
2018-10,BRL,BR,4.928317,0.02276
2018-10,KRW,KR,1353.953936,0.02276
2018-10,MXN,MX,16.689651,0.02276
2018-10,THB,TH,35.430036,0.02276
2018-10,PLN,PL,3.846424,0.02276
2018-10,TRY,TR,26.885318,0.02276
2018-10,ZAR,ZA,18.103686,0.02276
2018-10,AUD,AU,1.497481,0.02276
2018-10,CAD,CA,1.300932,0.02276
2018-11,INR,IN,86.019943,0.02365
2018-11,CNY,CN,6.829627,0.02365
2018-11,USD,US,0.953704,0.02365
2018-11,EUR,DE,0.953776,0.02365
2018-11,JPY,JP,149.419229,0.02365
2018-11,VND,VN,23564.86074,0.02365
2018-11,BRL,BR,4.928424,0.02365
2018-11,KRW,KR,1377.367419,0.02365
2018-11,MXN,MX,16.786652,0.02365
2018-11,THB,TH,36.095703,0.02365
2018-11,PLN,PL,3.907593,0.02365
2018-11,TRY,TR,26.234577,0.02365
2018-11,ZAR,ZA,17.749818,0.02365
2018-11,AUD,AU,1.490082,0.02365
2018-11,CAD,CA,1.316668,0.02365
2018-12,INR,IN,85.843327,0.024
2018-12,CNY,CN,6.903043,0.024
2018-12,USD,US,0.96126,0.024
2018-12,EUR,DE,0.961201,0.024
2018-12,JPY,JP,148.864969,0.024
2018-12,VND,VN,23709.868403,0.024
2018-12,BRL,BR,4.878434,0.024
2018-12,KRW,KR,1350.369823,0.024
2018-12,MXN,MX,16.98164,0.024
2018-12,THB,TH,35.701781,0.024
2018-12,PLN,PL,3.888236,0.024
2018-12,TRY,TR,26.67345,0.024
2018-12,ZAR,ZA,17.869485,0.024
2018-12,AUD,AU,1.486956,0.024
2018-12,CAD,CA,1.304076,0.024
2019-01,INR,IN,86.289596,0.02379
2019-01,CNY,CN,6.89945,0.02379
2019-01,USD,US,0.97571,0.02379
2019-01,EUR,DE,0.946605,0.02379
2019-01,JPY,JP,148.608776,0.02379
2019-01,VND,VN,23610.6121,0.02379
2019-01,BRL,BR,4.885606,0.02379
2019-01,KRW,KR,1344.407126,0.02379
2019-01,MXN,MX,17.200054,0.02379
2019-01,THB,TH,35.550784,0.02379
2019-01,PLN,PL,3.939895,0.02379
2019-01,TRY,TR,26.395297,0.02379
2019-01,ZAR,ZA,17.804357,0.02379
2019-01,AUD,AU,1.476851,0.02379
2019-01,CAD,CA,1.289448,0.02379
2019-02,INR,IN,85.186656,0.02303
2019-02,CNY,CN,6.930249,0.02303
2019-02,USD,US,0.951403,0.02303
2019-02,EUR,DE,0.935836,0.02303
2019-02,JPY,JP,149.658511,0.02303
2019-02,VND,VN,23581.852643,0.02303
2019-02,BRL,BR,4.983987,0.02303
2019-02,KRW,KR,1390.781738,0.02303
2019-02,MXN,MX,16.913209,0.02303
2019-02,THB,TH,35.810591,0.02303
2019-02,PLN,PL,3.882679,0.02303
2019-02,TRY,TR,26.499814,0.02303
2019-02,ZAR,ZA,17.577231,0.02303
2019-02,AUD,AU,1.46638,0.02303
2019-02,CAD,CA,1.274117,0.02303
2019-03,INR,IN,84.86603,0.02175
2019-03,CNY,CN,6.928718,0.02175
2019-03,USD,US,0.961,0.02175
2019-03,EUR,DE,0.945465,0.02175
2019-03,JPY,JP,149.996113,0.02175
2019-03,VND,VN,23796.568264,0.02175
2019-03,BRL,BR,4.961143,0.02175
2019-03,KRW,KR,1360.478249,0.02175
2019-03,MXN,MX,17.011658,0.02175
2019-03,THB,TH,36.225536,0.02175
2019-03,PLN,PL,3.890621,0.02175
2019-03,TRY,TR,26.742415,0.02175
2019-03,ZAR,ZA,17.958772,0.02175
2019-03,AUD,AU,1.456237,0.02175
2019-03,CAD,CA,1.316332,0.02175
2019-04,INR,IN,85.008983,0.01997
2019-04,CNY,CN,7.046278,0.01997
2019-04,USD,US,0.941965,0.01997
2019-04,EUR,DE,0.953125,0.01997
2019-04,JPY,JP,152.332466,0.01997
2019-04,VND,VN,23564.826339,0.01997
2019-04,BRL,BR,4.925832,0.01997
2019-04,KRW,KR,1379.66577,0.01997
2019-04,MXN,MX,17.091192,0.01997
2019-04,THB,TH,36.356632,0.01997
2019-04,PLN,PL,3.92247,0.01997
2019-04,TRY,TR,26.18198,0.01997
2019-04,ZAR,ZA,17.74371,0.01997
2019-04,AUD,AU,1.464927,0.01997
2019-04,CAD,CA,1.29012,0.01997
2019-05,INR,IN,85.000734,0.01775
2019-05,CNY,CN,6.957049,0.01775
2019-05,USD,US,0.96303,0.01775
2019-05,EUR,DE,0.967566,0.01775
2019-05,JPY,JP,151.28104,0.01775
2019-05,VND,VN,23709.75098,0.01775
2019-05,BRL,BR,5.00727,0.01775
2019-05,KRW,KR,1366.625547,0.01775
2019-05,MXN,MX,17.232254,0.01775
2019-05,THB,TH,36.225208,0.01775
2019-05,PLN,PL,3.921514,0.01775
2019-05,TRY,TR,26.58244,0.01775
2019-05,ZAR,ZA,18.122953,0.01775
2019-05,AUD,AU,1.46106,0.01775
2019-05,CAD,CA,1.29223,0.01775
2019-06,INR,IN,85.731265,0.01515
2019-06,CNY,CN,6.944694,0.01515
2019-06,USD,US,0.962178,0.01515
2019-06,EUR,DE,0.95635,0.01515
2019-06,JPY,JP,150.792908,0.01515
2019-06,VND,VN,23308.40547,0.01515
2019-06,BRL,BR,5.052166,0.01515
2019-06,KRW,KR,1371.93582,0.01515
2019-06,MXN,MX,17.063131,0.01515
2019-06,THB,TH,36.176371,0.01515
2019-06,PLN,PL,3.95864,0.01515
2019-06,TRY,TR,26.386959,0.01515
2019-06,ZAR,ZA,18.136656,0.01515
2019-06,AUD,AU,1.471212,0.01515
2019-06,CAD,CA,1.337566,0.01515
2019-07,INR,IN,84.827587,0.01224
2019-07,CNY,CN,6.977924,0.01224
2019-07,USD,US,0.95959,0.01224
2019-07,EUR,DE,0.95751,0.01224
2019-07,JPY,JP,150.746178,0.01224
2019-07,VND,VN,23661.29058,0.01224
2019-07,BRL,BR,5.065832,0.01224
2019-07,KRW,KR,1376.320726,0.01224
2019-07,MXN,MX,17.044652,0.01224
2019-07,THB,TH,36.315805,0.01224
2019-07,PLN,PL,3.97265,0.01224
2019-07,TRY,TR,26.299575,0.01224
2019-07,ZAR,ZA,18.093009,0.01224
2019-07,AUD,AU,1.45853,0.01224
2019-07,CAD,CA,1.292622,0.01224
2019-08,INR,IN,83.849815,0.00911
2019-08,CNY,CN,7.075514,0.00911
2019-08,USD,US,0.978673,0.00911
2019-08,EUR,DE,0.952059,0.00911
2019-08,JPY,JP,153.123702,0.00911
2019-08,VND,VN,23759.560635,0.00911
2019-08,BRL,BR,4.975442,0.00911
2019-08,KRW,KR,1391.499933,0.00911
2019-08,MXN,MX,17.012048,0.00911
2019-08,THB,TH,36.246138,0.00911
2019-08,PLN,PL,3.933603,0.00911
2019-08,TRY,TR,26.149006,0.00911
2019-08,ZAR,ZA,17.907344,0.00911
2019-08,AUD,AU,1.468107,0.00911
2019-08,CAD,CA,1.292468,0.00911
2019-09,INR,IN,84.058308,0.00583
2019-09,CNY,CN,7.059032,0.00583
2019-09,USD,US,0.976998,0.00583
2019-09,EUR,DE,0.959947,0.00583
2019-09,JPY,JP,150.433169,0.00583
2019-09,VND,VN,23746.06456,0.00583
2019-09,BRL,BR,4.988268,0.00583
2019-09,KRW,KR,1394.671106,0.00583
2019-09,MXN,MX,17.339868,0.00583
2019-09,THB,TH,36.134967,0.00583
2019-09,PLN,PL,3.998887,0.00583
2019-09,TRY,TR,26.398401,0.00583
2019-09,ZAR,ZA,18.178769,0.00583
2019-09,AUD,AU,1.468418,0.00583
2019-09,CAD,CA,1.317504,0.00583
2019-10,INR,IN,84.552756,0.0055
2019-10,CNY,CN,7.091903,0.0055
2019-10,USD,US,0.959902,0.0055
2019-10,EUR,DE,0.959176,0.0055
2019-10,JPY,JP,154.067727,0.0055
2019-10,VND,VN,23697.926204,0.0055
2019-10,BRL,BR,5.061886,0.0055
2019-10,KRW,KR,1385.434662,0.0055
2019-10,MXN,MX,17.231853,0.0055
2019-10,THB,TH,36.430282,0.0055
2019-10,PLN,PL,4.015332,0.0055
2019-10,TRY,TR,25.85229,0.0055
2019-10,ZAR,ZA,18.264804,0.0055
2019-10,AUD,AU,1.489767,0.0055
2019-10,CAD,CA,1.289507,0.0055
2019-11,INR,IN,83.728085,0.00879
2019-11,CNY,CN,7.080466,0.00879
2019-11,USD,US,0.974592,0.00879
2019-11,EUR,DE,0.941291,0.00879
2019-11,JPY,JP,153.619542,0.00879
2019-11,VND,VN,23611.723887,0.00879
2019-11,BRL,BR,5.062588,0.00879
2019-11,KRW,KR,1349.070555,0.00879
2019-11,MXN,MX,17.430182,0.00879
2019-11,THB,TH,36.220354,0.00879
2019-11,PLN,PL,4.017296,0.00879
2019-11,TRY,TR,26.588111,0.00879
2019-11,ZAR,ZA,18.181644,0.00879
2019-11,AUD,AU,1.481232,0.00879
2019-11,CAD,CA,1.318346,0.00879
2019-12,INR,IN,83.55245,0.01195
2019-12,CNY,CN,7.137947,0.01195
2019-12,USD,US,0.973722,0.01195
2019-12,EUR,DE,0.94968,0.01195
2019-12,JPY,JP,151.722807,0.01195
2019-12,VND,VN,23536.300882,0.01195
2019-12,BRL,BR,5.102353,0.01195
2019-12,KRW,KR,1367.143556,0.01195
2019-12,MXN,MX,17.620281,0.01195
2019-12,THB,TH,37.158769,0.01195
2019-12,PLN,PL,3.962062,0.01195
2019-12,TRY,TR,26.613091,0.01195
2019-12,ZAR,ZA,18.442516,0.01195
2019-12,AUD,AU,1.46014,0.01195
2019-12,CAD,CA,1.341831,0.01195
2020-01,INR,IN,84.039989,0.01488
2020-01,CNY,CN,7.04708,0.01488
2020-01,USD,US,0.972576,0.01488
2020-01,EUR,DE,0.948776,0.01488
2020-01,JPY,JP,153.062618,0.01488
2020-01,VND,VN,23767.91463,0.01488
2020-01,BRL,BR,5.049676,0.01488
2020-01,KRW,KR,1368.312936,0.01488
2020-01,MXN,MX,17.54297,0.01488
2020-01,THB,TH,36.590173,0.01488
2020-01,PLN,PL,4.037373,0.01488
2020-01,TRY,TR,25.890759,0.01488
2020-01,ZAR,ZA,18.617225,0.01488
2020-01,AUD,AU,1.47457,0.01488
2020-01,CAD,CA,1.323954,0.01488
2020-02,INR,IN,82.949012,0.01751
2020-02,CNY,CN,7.097164,0.01751
2020-02,USD,US,0.984935,0.01751
2020-02,EUR,DE,0.947405,0.01751
2020-02,JPY,JP,153.128329,0.01751
2020-02,VND,VN,23694.975677,0.01751
2020-02,BRL,BR,5.10504,0.01751
2020-02,KRW,KR,1391.321138,0.01751
2020-02,MXN,MX,17.470424,0.01751
2020-02,THB,TH,36.651237,0.01751
2020-02,PLN,PL,4.066509,0.01751
2020-02,TRY,TR,26.259893,0.01751
2020-02,ZAR,ZA,18.003952,0.01751
2020-02,AUD,AU,1.446499,0.01751
2020-02,CAD,CA,1.32466,0.01751
2020-03,INR,IN,82.53362,0.01977
2020-03,CNY,CN,7.19207,0.01977
2020-03,USD,US,0.980813,0.01977
2020-03,EUR,DE,0.947064,0.01977
2020-03,JPY,JP,154.127688,0.01977
2020-03,VND,VN,23694.521983,0.01977
2020-03,BRL,BR,5.063848,0.01977
2020-03,KRW,KR,1354.393211,0.01977
2020-03,MXN,MX,17.49992,0.01977
2020-03,THB,TH,36.575194,0.01977
2020-03,PLN,PL,3.981284,0.01977
2020-03,TRY,TR,26.051071,0.01977
2020-03,ZAR,ZA,18.268974,0.01977
2020-03,AUD,AU,1.479226,0.01977
2020-03,CAD,CA,1.313455,0.01977
2020-04,INR,IN,82.626094,0.02159
2020-04,CNY,CN,7.215298,0.02159
2020-04,USD,US,0.975222,0.02159
2020-04,EUR,DE,0.955769,0.02159
2020-04,JPY,JP,156.34842,0.02159
2020-04,VND,VN,23977.855698,0.02159
2020-04,BRL,BR,5.10596,0.02159
2020-04,KRW,KR,1398.138954,0.02159
2020-04,MXN,MX,17.794098,0.02159
2020-04,THB,TH,36.925984,0.02159
2020-04,PLN,PL,4.083705,0.02159
2020-04,TRY,TR,25.933281,0.02159
2020-04,ZAR,ZA,18.278492,0.02159
2020-04,AUD,AU,1.468955,0.02159
2020-04,CAD,CA,1.359053,0.02159
2020-05,INR,IN,81.668617,0.02293
2020-05,CNY,CN,7.142532,0.02293
2020-05,USD,US,0.963112,0.02293
2020-05,EUR,DE,0.951565,0.02293
2020-05,JPY,JP,154.015568,0.02293
2020-05,VND,VN,23849.814284,0.02293
2020-05,BRL,BR,5.164351,0.02293
2020-05,KRW,KR,1363.637892,0.02293
2020-05,MXN,MX,17.618928,0.02293
2020-05,THB,TH,36.578452,0.02293
2020-05,PLN,PL,4.047597,0.02293
2020-05,TRY,TR,26.081192,0.02293
2020-05,ZAR,ZA,18.401906,0.02293
2020-05,AUD,AU,1.475815,0.02293
2020-05,CAD,CA,1.336327,0.02293
2020-06,INR,IN,82.768298,0.02374
2020-06,CNY,CN,7.289298,0.02374
2020-06,USD,US,0.98222,0.02374
2020-06,EUR,DE,0.941194,0.02374
2020-06,JPY,JP,153.391029,0.02374
2020-06,VND,VN,23976.505701,0.02374
2020-06,BRL,BR,5.107231,0.02374
2020-06,KRW,KR,1378.659219,0.02374
2020-06,MXN,MX,17.430634,0.02374
2020-06,THB,TH,36.543935,0.02374
2020-06,PLN,PL,4.055094,0.02374
2020-06,TRY,TR,25.956548,0.02374
2020-06,ZAR,ZA,18.657147,0.02374
2020-06,AUD,AU,1.47867,0.02374
2020-06,CAD,CA,1.324403,0.02374
2020-07,INR,IN,80.853318,0.024
2020-07,CNY,CN,7.177328,0.024
2020-07,USD,US,0.981673,0.024
2020-07,EUR,DE,0.940198,0.024
2020-07,JPY,JP,153.663839,0.024
2020-07,VND,VN,23918.669136,0.024
2020-07,BRL,BR,5.126398,0.024
2020-07,KRW,KR,1357.519797,0.024
2020-07,MXN,MX,17.620053,0.024
2020-07,THB,TH,37.049457,0.024
2020-07,PLN,PL,4.137503,0.024
2020-07,TRY,TR,26.225284,0.024
2020-07,ZAR,ZA,18.428091,0.024
2020-07,AUD,AU,1.464357,0.024
2020-07,CAD,CA,1.32762,0.024
2020-08,INR,IN,82.749468,0.02371
2020-08,CNY,CN,7.243416,0.02371
2020-08,USD,US,0.97726,0.02371
2020-08,EUR,DE,0.944165,0.02371
2020-08,JPY,JP,155.649189,0.02371
2020-08,VND,VN,24201.639359,0.02371
2020-08,BRL,BR,5.105248,0.02371
2020-08,KRW,KR,1357.067383,0.02371
2020-08,MXN,MX,17.649168,0.02371
2020-08,THB,TH,36.660904,0.02371
2020-08,PLN,PL,4.031522,0.02371
2020-08,TRY,TR,26.785164,0.02371
2020-08,ZAR,ZA,18.490317,0.02371
2020-08,AUD,AU,1.485214,0.02371
2020-08,CAD,CA,1.340016,0.02371
2020-09,INR,IN,82.82645,0.02287
2020-09,CNY,CN,7.256972,0.02287
2020-09,USD,US,0.984058,0.02287
2020-09,EUR,DE,0.940837,0.02287
2020-09,JPY,JP,154.739843,0.02287
2020-09,VND,VN,24258.98232,0.02287
2020-09,BRL,BR,5.03276,0.02287
2020-09,KRW,KR,1388.354481,0.02287
2020-09,MXN,MX,17.68179,0.02287
2020-09,THB,TH,36.604826,0.02287
2020-09,PLN,PL,4.096896,0.02287
2020-09,TRY,TR,26.34023,0.02287
2020-09,ZAR,ZA,18.481416,0.02287
2020-09,AUD,AU,1.475065,0.02287
2020-09,CAD,CA,1.35859,0.02287
2020-10,INR,IN,81.240245,0.02151
2020-10,CNY,CN,7.173041,0.02151
2020-10,USD,US,0.985503,0.02151
2020-10,EUR,DE,0.939466,0.02151
2020-10,JPY,JP,154.872387,0.02151
2020-10,VND,VN,24183.983161,0.02151
2020-10,BRL,BR,5.153393,0.02151
2020-10,KRW,KR,1355.727501,0.02151
2020-10,MXN,MX,17.572035,0.02151
2020-10,THB,TH,36.814275,0.02151
2020-10,PLN,PL,4.094967,0.02151
2020-10,TRY,TR,26.126666,0.02151
2020-10,ZAR,ZA,18.425923,0.02151
2020-10,AUD,AU,1.467591,0.02151
2020-10,CAD,CA,1.328957,0.02151
2020-11,INR,IN,80.489189,0.01966
2020-11,CNY,CN,7.263036,0.01966
2020-11,USD,US,0.987654,0.01966
2020-11,EUR,DE,0.937437,0.01966
2020-11,JPY,JP,154.935171,0.01966
2020-11,VND,VN,24346.267065,0.01966
2020-11,BRL,BR,5.108755,0.01966
2020-11,KRW,KR,1352.373593,0.01966
2020-11,MXN,MX,17.584578,0.01966
2020-11,THB,TH,36.766433,0.01966
2020-11,PLN,PL,4.128058,0.01966
2020-11,TRY,TR,26.000314,0.01966
2020-11,ZAR,ZA,18.719408,0.01966
2020-11,AUD,AU,1.461883,0.01966
2020-11,CAD,CA,1.353527,0.01966
2020-12,INR,IN,81.632384,0.01738
2020-12,CNY,CN,7.213041,0.01738
2020-12,USD,US,0.993133,0.01738
2020-12,EUR,DE,0.942993,0.01738
2020-12,JPY,JP,153.828647,0.01738
2020-12,VND,VN,24311.959918,0.01738
2020-12,BRL,BR,5.08481,0.01738
2020-12,KRW,KR,1351.864389,0.01738
2020-12,MXN,MX,17.644436,0.01738
2020-12,THB,TH,36.447787,0.01738
2020-12,PLN,PL,4.153639,0.01738
2020-12,TRY,TR,25.998398,0.01738
2020-12,ZAR,ZA,18.863295,0.01738
2020-12,AUD,AU,1.481891,0.01738
2020-12,CAD,CA,1.360573,0.01738
2021-01,INR,IN,81.20251,0.01473
2021-01,CNY,CN,7.327409,0.01473
2021-01,USD,US,1.004071,0.01473
2021-01,EUR,DE,0.915843,0.01473
2021-01,JPY,JP,155.571287,0.01473
2021-01,VND,VN,24347.703057,0.01473
2021-01,BRL,BR,5.179992,0.01473
2021-01,KRW,KR,1358.584725,0.01473
2021-01,MXN,MX,17.984148,0.01473
2021-01,THB,TH,36.614949,0.01473
2021-01,PLN,PL,4.123488,0.01473
2021-01,TRY,TR,26.269649,0.01473
2021-01,ZAR,ZA,18.979248,0.01473
2021-01,AUD,AU,1.491934,0.01473
2021-01,CAD,CA,1.360993,0.01473
2021-02,INR,IN,80.753656,0.01178
2021-02,CNY,CN,7.344402,0.01178
2021-02,USD,US,0.992363,0.01178
2021-02,EUR,DE,0.926854,0.01178
2021-02,JPY,JP,151.61577,0.01178
2021-02,VND,VN,24694.026835,0.01178
2021-02,BRL,BR,5.064945,0.01178
2021-02,KRW,KR,1338.917226,0.01178
2021-02,MXN,MX,17.676429,0.01178
2021-02,THB,TH,36.660056,0.01178
2021-02,PLN,PL,4.131905,0.01178
2021-02,TRY,TR,26.243412,0.01178
2021-02,ZAR,ZA,18.777942,0.01178
2021-02,AUD,AU,1.49413,0.01178
2021-02,CAD,CA,1.360949,0.01178
2021-03,INR,IN,80.775785,0.00862
2021-03,CNY,CN,7.30475,0.00862
2021-03,USD,US,0.993242,0.00862
2021-03,EUR,DE,0.933634,0.00862
2021-03,JPY,JP,153.132245,0.00862
2021-03,VND,VN,24647.221965,0.00862
2021-03,BRL,BR,5.097107,0.00862
2021-03,KRW,KR,1339.802318,0.00862
2021-03,MXN,MX,17.885222,0.00862
2021-03,THB,TH,35.851539,0.00862
2021-03,PLN,PL,4.125791,0.00862
2021-03,TRY,TR,26.222251,0.00862
2021-03,ZAR,ZA,18.80865,0.00862
2021-03,AUD,AU,1.494272,0.00862
2021-03,CAD,CA,1.360722,0.00862
2021-04,INR,IN,80.866636,0.00533
2021-04,CNY,CN,7.273369,0.00533
2021-04,USD,US,0.995962,0.00533
2021-04,EUR,DE,0.917528,0.00533
2021-04,JPY,JP,152.80854,0.00533
2021-04,VND,VN,24227.953235,0.00533
2021-04,BRL,BR,5.196542,0.00533
2021-04,KRW,KR,1345.930345,0.00533
2021-04,MXN,MX,17.736858,0.00533
2021-04,THB,TH,36.529387,0.00533
2021-04,PLN,PL,4.102817,0.00533
2021-04,TRY,TR,26.31668,0.00533
2021-04,ZAR,ZA,19.133001,0.00533
2021-04,AUD,AU,1.499692,0.00533
2021-04,CAD,CA,1.3787,0.00533
2021-05,INR,IN,79.712324,0.006
2021-05,CNY,CN,7.212199,0.006
2021-05,USD,US,1.004525,0.006
2021-05,EUR,DE,0.915122,0.006
2021-05,JPY,JP,152.822387,0.006
2021-05,VND,VN,24645.00197,0.006
2021-05,BRL,BR,5.125927,0.006
2021-05,KRW,KR,1354.804636,0.006
2021-05,MXN,MX,17.820593,0.006
2021-05,THB,TH,36.316586,0.006
2021-05,PLN,PL,4.12882,0.006
2021-05,TRY,TR,26.61797,0.006
2021-05,ZAR,ZA,18.883142,0.006
2021-05,AUD,AU,1.520259,0.006
2021-05,CAD,CA,1.372497,0.006
2021-06,INR,IN,81.828999,0.00928
2021-06,CNY,CN,7.309401,0.00928
2021-06,USD,US,1.015513,0.00928
2021-06,EUR,DE,0.924099,0.00928
2021-06,JPY,JP,154.294408,0.00928
2021-06,VND,VN,24736.291548,0.00928
2021-06,BRL,BR,5.064199,0.00928
2021-06,KRW,KR,1333.389647,0.00928
2021-06,MXN,MX,17.947258,0.00928
2021-06,THB,TH,35.945761,0.00928
2021-06,PLN,PL,4.208036,0.00928
2021-06,TRY,TR,26.600823,0.00928
2021-06,ZAR,ZA,18.855571,0.00928
2021-06,AUD,AU,1.489088,0.00928
2021-06,CAD,CA,1.373035,0.00928
2021-07,INR,IN,81.569528,0.0124
2021-07,CNY,CN,7.402938,0.0124
2021-07,USD,US,1.004011,0.0124
2021-07,EUR,DE,0.898727,0.0124
2021-07,JPY,JP,151.864934,0.0124
2021-07,VND,VN,25185.865023,0.0124
2021-07,BRL,BR,5.071541,0.0124
2021-07,KRW,KR,1318.416214,0.0124
2021-07,MXN,MX,17.752528,0.0124
2021-07,THB,TH,36.480964,0.0124
2021-07,PLN,PL,4.149394,0.0124
2021-07,TRY,TR,26.427741,0.0124
2021-07,ZAR,ZA,18.864668,0.0124
2021-07,AUD,AU,1.48709,0.0124
2021-07,CAD,CA,1.38924,0.0124
2021-08,INR,IN,80.881179,0.0153
2021-08,CNY,CN,7.427993,0.0153
2021-08,USD,US,1.002596,0.0153
2021-08,EUR,DE,0.905372,0.0153
2021-08,JPY,JP,154.417519,0.0153
2021-08,VND,VN,24788.88951,0.0153
2021-08,BRL,BR,5.117162,0.0153
2021-08,KRW,KR,1327.362584,0.0153
2021-08,MXN,MX,17.727676,0.0153
2021-08,THB,TH,36.233666,0.0153
2021-08,PLN,PL,4.096853,0.0153
2021-08,TRY,TR,26.262945,0.0153
2021-08,ZAR,ZA,18.917512,0.0153
2021-08,AUD,AU,1.508403,0.0153
2021-08,CAD,CA,1.381232,0.0153
2021-09,INR,IN,79.23611,0.01788
2021-09,CNY,CN,7.471168,0.01788
2021-09,USD,US,1.017207,0.01788
2021-09,EUR,DE,0.906791,0.01788
2021-09,JPY,JP,151.188802,0.01788
2021-09,VND,VN,24936.664146,0.01788
2021-09,BRL,BR,5.039412,0.01788
2021-09,KRW,KR,1332.880296,0.01788
2021-09,MXN,MX,17.782593,0.01788
2021-09,THB,TH,36.014861,0.01788
2021-09,PLN,PL,4.094502,0.01788
2021-09,TRY,TR,26.581342,0.01788
2021-09,ZAR,ZA,19.125538,0.01788
2021-09,AUD,AU,1.507679,0.01788
2021-09,CAD,CA,1.399741,0.01788
2021-10,INR,IN,79.936298,0.02008
2021-10,CNY,CN,7.288015,0.02008
2021-10,USD,US,1.016995,0.02008
2021-10,EUR,DE,0.895182,0.02008
2021-10,JPY,JP,151.950943,0.02008
2021-10,VND,VN,25124.19351,0.02008
2021-10,BRL,BR,5.112516,0.02008
2021-10,KRW,KR,1316.546544,0.02008
2021-10,MXN,MX,17.957254,0.02008
2021-10,THB,TH,35.669786,0.02008
2021-10,PLN,PL,4.125728,0.02008
2021-10,TRY,TR,26.594088,0.02008
2021-10,ZAR,ZA,19.184932,0.02008
2021-10,AUD,AU,1.514706,0.02008
2021-10,CAD,CA,1.388754,0.02008
2021-11,INR,IN,80.917609,0.02183
2021-11,CNY,CN,7.276179,0.02183
2021-11,USD,US,1.023857,0.02183
2021-11,EUR,DE,0.909479,0.02183
2021-11,JPY,JP,151.779883,0.02183
2021-11,VND,VN,24765.468611,0.02183
2021-11,BRL,BR,5.080987,0.02183
2021-11,KRW,KR,1330.981454,0.02183
2021-11,MXN,MX,17.57981,0.02183
2021-11,THB,TH,36.331508,0.02183
2021-11,PLN,PL,4.117204,0.02183
2021-11,TRY,TR,26.876116,0.02183
2021-11,ZAR,ZA,19.265089,0.02183
2021-11,AUD,AU,1.538933,0.02183
2021-11,CAD,CA,1.388395,0.02183
2021-12,INR,IN,79.980279,0.02308
2021-12,CNY,CN,7.30177,0.02308
2021-12,USD,US,1.020762,0.02308
2021-12,EUR,DE,0.911366,0.02308
2021-12,JPY,JP,152.202597,0.02308
2021-12,VND,VN,25202.748812,0.02308
2021-12,BRL,BR,5.12263,0.02308
2021-12,KRW,KR,1320.587808,0.02308
2021-12,MXN,MX,17.862541,0.02308
2021-12,THB,TH,35.973098,0.02308
2021-12,PLN,PL,4.210218,0.02308
2021-12,TRY,TR,26.751781,0.02308
2021-12,ZAR,ZA,19.140332,0.02308
2021-12,AUD,AU,1.511205,0.02308
2021-12,CAD,CA,1.393811,0.02308
2022-01,INR,IN,79.242745,0.02381
2022-01,CNY,CN,7.421587,0.02381
2022-01,USD,US,1.0255,0.02381
2022-01,EUR,DE,0.899242,0.02381
2022-01,JPY,JP,150.890594,0.02381
2022-01,VND,VN,24550.17999,0.02381
2022-01,BRL,BR,5.060391,0.02381
2022-01,KRW,KR,1322.393533,0.02381
2022-01,MXN,MX,17.904513,0.02381
2022-01,THB,TH,35.948856,0.02381
2022-01,PLN,PL,4.142952,0.02381
2022-01,TRY,TR,26.887694,0.02381
2022-01,ZAR,ZA,19.089754,0.02381
2022-01,AUD,AU,1.533524,0.02381
2022-01,CAD,CA,1.40103,0.02381
2022-02,INR,IN,81.113836,0.02399
2022-02,CNY,CN,7.383963,0.02399
2022-02,USD,US,1.024271,0.02399
2022-02,EUR,DE,0.889445,0.02399
2022-02,JPY,JP,149.871145,0.02399
2022-02,VND,VN,24919.602266,0.02399
2022-02,BRL,BR,5.040421,0.02399
2022-02,KRW,KR,1318.438686,0.02399
2022-02,MXN,MX,17.699959,0.02399
2022-02,THB,TH,35.643681,0.02399
2022-02,PLN,PL,4.174881,0.02399
2022-02,TRY,TR,27.235979,0.02399
2022-02,ZAR,ZA,19.181571,0.02399
2022-02,AUD,AU,1.527539,0.02399
2022-02,CAD,CA,1.407316,0.02399
2022-03,INR,IN,80.515268,0.02362
2022-03,CNY,CN,7.303218,0.02362
2022-03,USD,US,1.022832,0.02362
2022-03,EUR,DE,0.885494,0.02362
2022-03,JPY,JP,150.541714,0.02362
2022-03,VND,VN,24894.023323,0.02362
2022-03,BRL,BR,5.04986,0.02362
2022-03,KRW,KR,1306.744136,0.02362
2022-03,MXN,MX,17.873,0.02362
2022-03,THB,TH,35.930096,0.02362
2022-03,PLN,PL,4.0602,0.02362
2022-03,TRY,TR,27.131648,0.02362
2022-03,ZAR,ZA,18.99515,0.02362
2022-03,AUD,AU,1.532052,0.02362
2022-03,CAD,CA,1.398125,0.02362
2022-04,INR,IN,80.51288,0.0227
2022-04,CNY,CN,7.375563,0.0227
2022-04,USD,US,1.02696,0.0227
2022-04,EUR,DE,0.902729,0.0227
2022-04,JPY,JP,149.866331,0.0227
2022-04,VND,VN,25227.716857,0.0227
2022-04,BRL,BR,5.029125,0.0227
2022-04,KRW,KR,1292.62432,0.0227
2022-04,MXN,MX,17.56372,0.0227
2022-04,THB,TH,35.470311,0.0227
2022-04,PLN,PL,4.099895,0.0227
2022-04,TRY,TR,26.740575,0.0227
2022-04,ZAR,ZA,19.062461,0.0227
2022-04,AUD,AU,1.51692,0.0227
2022-04,CAD,CA,1.40401,0.0227
2022-05,INR,IN,80.599031,0.02126
2022-05,CNY,CN,7.283841,0.02126
2022-05,USD,US,1.026829,0.02126
2022-05,EUR,DE,0.905469,0.02126
2022-05,JPY,JP,150.131075,0.02126
2022-05,VND,VN,25371.830929,0.02126
2022-05,BRL,BR,5.046397,0.02126
2022-05,KRW,KR,1298.579648,0.02126
2022-05,MXN,MX,17.544893,0.02126
2022-05,THB,TH,35.633094,0.02126
2022-05,PLN,PL,4.150149,0.02126
2022-05,TRY,TR,27.288763,0.02126
2022-05,ZAR,ZA,18.987977,0.02126
2022-05,AUD,AU,1.543611,0.02126
2022-05,CAD,CA,1.398908,0.02126
2022-06,INR,IN,79.425659,0.01935
2022-06,CNY,CN,7.345967,0.01935
2022-06,USD,US,1.028085,0.01935
2022-06,EUR,DE,0.896685,0.01935
2022-06,JPY,JP,150.521283,0.01935
2022-06,VND,VN,25243.7189,0.01935
2022-06,BRL,BR,4.957723,0.01935
2022-06,KRW,KR,1313.31368,0.01935
2022-06,MXN,MX,17.808781,0.01935
2022-06,THB,TH,34.820425,0.01935
2022-06,PLN,PL,4.12511,0.01935
2022-06,TRY,TR,27.45916,0.01935
2022-06,ZAR,ZA,18.961701,0.01935
2022-06,AUD,AU,1.54719,0.01935
2022-06,CAD,CA,1.408987,0.01935
2022-07,INR,IN,79.435139,0.01701
2022-07,CNY,CN,7.290579,0.01701
2022-07,USD,US,1.034994,0.01701
2022-07,EUR,DE,0.896771,0.01701
2022-07,JPY,JP,151.049966,0.01701
2022-07,VND,VN,25541.424444,0.01701
2022-07,BRL,BR,4.991645,0.01701
2022-07,KRW,KR,1314.472862,0.01701
2022-07,MXN,MX,17.386018,0.01701
2022-07,THB,TH,35.365189,0.01701
2022-07,PLN,PL,4.148336,0.01701
2022-07,TRY,TR,27.163178,0.01701
2022-07,ZAR,ZA,19.355736,0.01701
2022-07,AUD,AU,1.543637,0.01701
2022-07,CAD,CA,1.393509,0.01701
2022-08,INR,IN,80.37773,0.0143
2022-08,CNY,CN,7.275824,0.0143
2022-08,USD,US,1.039345,0.0143
2022-08,EUR,DE,0.886361,0.0143
2022-08,JPY,JP,148.533796,0.0143
2022-08,VND,VN,25159.420248,0.0143
2022-08,BRL,BR,4.954406,0.0143
2022-08,KRW,KR,1309.224527,0.0143
2022-08,MXN,MX,17.183161,0.0143
2022-08,THB,TH,34.867471,0.0143
2022-08,PLN,PL,4.093319,0.0143
2022-08,TRY,TR,27.696177,0.0143
2022-08,ZAR,ZA,19.081665,0.0143
2022-08,AUD,AU,1.550094,0.0143
2022-08,CAD,CA,1.418891,0.0143
2022-09,INR,IN,81.10838,0.01132
2022-09,CNY,CN,7.244887,0.01132
2022-09,USD,US,1.032905,0.01132
2022-09,EUR,DE,0.893258,0.01132
2022-09,JPY,JP,148.420785,0.01132
2022-09,VND,VN,25530.482329,0.01132
2022-09,BRL,BR,4.903987,0.01132
2022-09,KRW,KR,1311.752782,0.01132
2022-09,MXN,MX,17.326788,0.01132
2022-09,THB,TH,35.323538,0.01132
2022-09,PLN,PL,4.084717,0.01132
2022-09,TRY,TR,27.421709,0.01132
2022-09,ZAR,ZA,19.435056,0.01132
2022-09,AUD,AU,1.546616,0.01132
2022-09,CAD,CA,1.394632,0.01132
2022-10,INR,IN,79.809649,0.00813
2022-10,CNY,CN,7.211552,0.00813
2022-10,USD,US,1.041173,0.00813
2022-10,EUR,DE,0.892033,0.00813
2022-10,JPY,JP,149.615755,0.00813
2022-10,VND,VN,25194.540218,0.00813
2022-10,BRL,BR,4.955493,0.00813
2022-10,KRW,KR,1285.749913,0.00813
2022-10,MXN,MX,17.343818,0.00813
2022-10,THB,TH,35.121932,0.00813
2022-10,PLN,PL,4.103672,0.00813
2022-10,TRY,TR,27.28454,0.00813
2022-10,ZAR,ZA,19.007523,0.00813
2022-10,AUD,AU,1.571244,0.00813
2022-10,CAD,CA,1.390453,0.00813
2022-11,INR,IN,80.745317,0.00483
2022-11,CNY,CN,7.274636,0.00483
2022-11,USD,US,1.032019,0.00483
2022-11,EUR,DE,0.891651,0.00483
2022-11,JPY,JP,143.746585,0.00483
2022-11,VND,VN,25275.570256,0.00483
2022-11,BRL,BR,4.88704,0.00483
2022-11,KRW,KR,1304.709124,0.00483
2022-11,MXN,MX,17.502569,0.00483
2022-11,THB,TH,34.729582,0.00483
2022-11,PLN,PL,4.087809,0.00483
2022-11,TRY,TR,27.370399,0.00483
2022-11,ZAR,ZA,19.150762,0.00483
2022-11,AUD,AU,1.557084,0.00483
2022-11,CAD,CA,1.394211,0.00483
2022-12,INR,IN,81.372155,0.0065
2022-12,CNY,CN,7.23935,0.0065
2022-12,USD,US,1.045536,0.0065
2022-12,EUR,DE,0.892407,0.0065
2022-12,JPY,JP,147.606775,0.0065
2022-12,VND,VN,25217.066301,0.0065
2022-12,BRL,BR,4.918218,0.0065
2022-12,KRW,KR,1270.321568,0.0065
2022-12,MXN,MX,17.285458,0.0065
2022-12,THB,TH,34.807768,0.0065
2022-12,PLN,PL,4.104782,0.0065
2022-12,TRY,TR,27.852099,0.0065
2022-12,ZAR,ZA,18.978554,0.0065
2022-12,AUD,AU,1.567638,0.0065
2022-12,CAD,CA,1.394944,0.0065
2023-01,INR,IN,81.749968,0.00976
2023-01,CNY,CN,7.236682,0.00976
2023-01,USD,US,1.036562,0.00976
2023-01,EUR,DE,0.898934,0.00976
2023-01,JPY,JP,146.814243,0.00976
2023-01,VND,VN,25326.338062,0.00976
2023-01,BRL,BR,4.997633,0.00976
2023-01,KRW,KR,1287.847932,0.00976
2023-01,MXN,MX,17.194205,0.00976
2023-01,THB,TH,34.365969,0.00976
2023-01,PLN,PL,4.018838,0.00976
2023-01,TRY,TR,27.938457,0.00976
2023-01,ZAR,ZA,19.299262,0.00976
2023-01,AUD,AU,1.559842,0.00976
2023-01,CAD,CA,1.387181,0.00976
2023-02,INR,IN,82.577952,0.01286
2023-02,CNY,CN,7.196249,0.01286
2023-02,USD,US,1.037551,0.01286
2023-02,EUR,DE,0.880435,0.01286
2023-02,JPY,JP,145.837133,0.01286
2023-02,VND,VN,25723.432985,0.01286
2023-02,BRL,BR,4.993399,0.01286
2023-02,KRW,KR,1279.861473,0.01286
2023-02,MXN,MX,17.279292,0.01286
2023-02,THB,TH,34.6687,0.01286
2023-02,PLN,PL,4.087696,0.01286
2023-02,TRY,TR,27.591797,0.01286
2023-02,ZAR,ZA,19.183685,0.01286
2023-02,AUD,AU,1.570848,0.01286
2023-02,CAD,CA,1.385755,0.01286
2023-03,INR,IN,81.254111,0.01571
2023-03,CNY,CN,7.030788,0.01571
2023-03,USD,US,1.024488,0.01571
2023-03,EUR,DE,0.887552,0.01571
2023-03,JPY,JP,146.572367,0.01571
2023-03,VND,VN,25665.80745,0.01571
2023-03,BRL,BR,4.914336,0.01571
2023-03,KRW,KR,1282.771842,0.01571
2023-03,MXN,MX,17.28896,0.01571
2023-03,THB,TH,35.065693,0.01571
2023-03,PLN,PL,4.035347,0.01571
2023-03,TRY,TR,27.298683,0.01571
2023-03,ZAR,ZA,18.992688,0.01571
2023-03,AUD,AU,1.571048,0.01571
2023-03,CAD,CA,1.383347,0.01571
2023-04,INR,IN,81.755023,0.01824
2023-04,CNY,CN,7.224285,0.01824
2023-04,USD,US,1.023325,0.01824
2023-04,EUR,DE,0.897489,0.01824
2023-04,JPY,JP,146.741199,0.01824
2023-04,VND,VN,25587.059767,0.01824
2023-04,BRL,BR,4.961969,0.01824
2023-04,KRW,KR,1297.345178,0.01824
2023-04,MXN,MX,17.091666,0.01824
2023-04,THB,TH,34.539119,0.01824
2023-04,PLN,PL,4.002399,0.01824
2023-04,TRY,TR,27.670885,0.01824
2023-04,ZAR,ZA,19.091798,0.01824
2023-04,AUD,AU,1.580195,0.01824
2023-04,CAD,CA,1.397962,0.01824
2023-05,INR,IN,82.11122,0.02037
2023-05,CNY,CN,7.21865,0.02037
2023-05,USD,US,1.039413,0.02037
2023-05,EUR,DE,0.883989,0.02037
2023-05,JPY,JP,146.581716,0.02037
2023-05,VND,VN,25317.659291,0.02037
2023-05,BRL,BR,4.865915,0.02037
2023-05,KRW,KR,1276.376163,0.02037
2023-05,MXN,MX,17.295302,0.02037
2023-05,THB,TH,34.733131,0.02037
2023-05,PLN,PL,3.988628,0.02037
2023-05,TRY,TR,27.974427,0.02037
2023-05,ZAR,ZA,18.730724,0.02037
2023-05,AUD,AU,1.566255,0.02037
2023-05,CAD,CA,1.399448,0.02037
2023-06,INR,IN,82.424182,0.02205
2023-06,CNY,CN,7.19151,0.02205
2023-06,USD,US,1.036121,0.02205
2023-06,EUR,DE,0.893804,0.02205
2023-06,JPY,JP,144.847232,0.02205
2023-06,VND,VN,25186.537806,0.02205
2023-06,BRL,BR,4.831547,0.02205
2023-06,KRW,KR,1296.274105,0.02205
2023-06,MXN,MX,17.051787,0.02205
2023-06,THB,TH,34.498811,0.02205
2023-06,PLN,PL,3.954916,0.02205
2023-06,TRY,TR,27.826737,0.02205
2023-06,ZAR,ZA,18.942605,0.02205
2023-06,AUD,AU,1.579432,0.02205
2023-06,CAD,CA,1.368629,0.02205
2023-07,INR,IN,82.940172,0.02323
2023-07,CNY,CN,7.261165,0.02323
2023-07,USD,US,1.019629,0.02323
2023-07,EUR,DE,0.897148,0.02323
2023-07,JPY,JP,146.404524,0.02323
2023-07,VND,VN,25297.75131,0.02323
2023-07,BRL,BR,4.832552,0.02323
2023-07,KRW,KR,1262.774713,0.02323
2023-07,MXN,MX,16.981034,0.02323
2023-07,THB,TH,34.066207,0.02323
2023-07,PLN,PL,3.947525,0.02323
2023-07,TRY,TR,27.777647,0.02323
2023-07,ZAR,ZA,18.733689,0.02323
2023-07,AUD,AU,1.559188,0.02323
2023-07,CAD,CA,1.374975,0.02323
2023-08,INR,IN,83.162384,0.02387
2023-08,CNY,CN,7.116124,0.02387
2023-08,USD,US,1.013765,0.02387
2023-08,EUR,DE,0.87686,0.02387
2023-08,JPY,JP,144.124524,0.02387
2023-08,VND,VN,25062.867519,0.02387
2023-08,BRL,BR,4.845088,0.02387
2023-08,KRW,KR,1287.04383,0.02387
2023-08,MXN,MX,17.157128,0.02387
2023-08,THB,TH,34.605639,0.02387
2023-08,PLN,PL,4.028069,0.02387
2023-08,TRY,TR,27.629988,0.02387
2023-08,ZAR,ZA,18.945004,0.02387
2023-08,AUD,AU,1.568974,0.02387
2023-08,CAD,CA,1.393681,0.02387
2023-09,INR,IN,82.958495,0.02397
2023-09,CNY,CN,7.072563,0.02397
2023-09,USD,US,1.026639,0.02397
2023-09,EUR,DE,0.897914,0.02397
2023-09,JPY,JP,146.429048,0.02397
2023-09,VND,VN,25217.364036,0.02397
2023-09,BRL,BR,4.837538,0.02397
2023-09,KRW,KR,1281.944151,0.02397
2023-09,MXN,MX,16.969748,0.02397
2023-09,THB,TH,34.55389,0.02397
2023-09,PLN,PL,3.944536,0.02397
2023-09,TRY,TR,27.600556,0.02397
2023-09,ZAR,ZA,19.068354,0.02397
2023-09,AUD,AU,1.570501,0.02397
2023-09,CAD,CA,1.36629,0.02397
2023-10,INR,IN,83.160335,0.02351
2023-10,CNY,CN,7.055925,0.02351
2023-10,USD,US,1.025596,0.02351
2023-10,EUR,DE,0.895389,0.02351
2023-10,JPY,JP,146.497498,0.02351
2023-10,VND,VN,25798.931964,0.02351
2023-10,BRL,BR,4.82378,0.02351
2023-10,KRW,KR,1277.647985,0.02351
2023-10,MXN,MX,16.977597,0.02351
2023-10,THB,TH,34.746973,0.02351
2023-10,PLN,PL,3.902217,0.02351
2023-10,TRY,TR,27.926534,0.02351
2023-10,ZAR,ZA,18.491308,0.02351
2023-10,AUD,AU,1.589443,0.02351
2023-10,CAD,CA,1.381961,0.02351
2023-11,INR,IN,83.42536,0.02251
2023-11,CNY,CN,7.055468,0.02251
2023-11,USD,US,1.027429,0.02251
2023-11,EUR,DE,0.900314,0.02251
2023-11,JPY,JP,145.321554,0.02251
2023-11,VND,VN,24937.262794,0.02251
2023-11,BRL,BR,4.794765,0.02251
2023-11,KRW,KR,1283.053408,0.02251
2023-11,MXN,MX,16.986701,0.02251
2023-11,THB,TH,33.932857,0.02251
2023-11,PLN,PL,4.003491,0.02251
2023-11,TRY,TR,28.041456,0.02251
2023-11,ZAR,ZA,18.598108,0.02251
2023-11,AUD,AU,1.58875,0.02251
2023-11,CAD,CA,1.362125,0.02251
2023-12,INR,IN,82.654633,0.021
2023-12,CNY,CN,7.092336,0.021
2023-12,USD,US,1.025493,0.021
2023-12,EUR,DE,0.892583,0.021
2023-12,JPY,JP,144.483084,0.021
2023-12,VND,VN,25170.1086,0.021
2023-12,BRL,BR,4.824629,0.021
2023-12,KRW,KR,1272.190035,0.021
2023-12,MXN,MX,16.569146,0.021
2023-12,THB,TH,33.892134,0.021
2023-12,PLN,PL,3.8876,0.021
2023-12,TRY,TR,28.023259,0.021
2023-12,ZAR,ZA,18.533264,0.021
2023-12,AUD,AU,1.570932,0.021
2023-12,CAD,CA,1.363023,0.021
2024-01,INR,IN,83.282277,0.01902
2024-01,CNY,CN,7.002195,0.01902
2024-01,USD,US,1.024285,0.01902
2024-01,EUR,DE,0.893307,0.01902
2024-01,JPY,JP,146.104346,0.01902
2024-01,VND,VN,25146.107094,0.01902
2024-01,BRL,BR,4.809948,0.01902
2024-01,KRW,KR,1275.828409,0.01902
2024-01,MXN,MX,16.646869,0.01902
2024-01,THB,TH,33.853385,0.01902
2024-01,PLN,PL,3.967934,0.01902
2024-01,TRY,TR,27.836623,0.01902
2024-01,ZAR,ZA,18.896149,0.01902
2024-01,AUD,AU,1.570498,0.01902
2024-01,CAD,CA,1.359686,0.01902
2024-02,INR,IN,83.090086,0.01662
2024-02,CNY,CN,7.118554,0.01662
2024-02,USD,US,1.019692,0.01662
2024-02,EUR,DE,0.910078,0.01662
2024-02,JPY,JP,142.883505,0.01662
2024-02,VND,VN,24900.322075,0.01662
2024-02,BRL,BR,4.784776,0.01662
2024-02,KRW,KR,1283.315294,0.01662
2024-02,MXN,MX,16.690243,0.01662
2024-02,THB,TH,34.005544,0.01662
2024-02,PLN,PL,3.899575,0.01662
2024-02,TRY,TR,28.089029,0.01662
2024-02,ZAR,ZA,18.669991,0.01662
2024-02,AUD,AU,1.570309,0.01662
2024-02,CAD,CA,1.35855,0.01662
2024-03,INR,IN,82.288924,0.01387
2024-03,CNY,CN,6.965123,0.01387
2024-03,USD,US,1.009786,0.01387
2024-03,EUR,DE,0.893342,0.01387
2024-03,JPY,JP,142.972681,0.01387
2024-03,VND,VN,24760.506504,0.01387
2024-03,BRL,BR,4.776289,0.01387
2024-03,KRW,KR,1301.745669,0.01387
2024-03,MXN,MX,16.804842,0.01387
2024-03,THB,TH,33.806902,0.01387
2024-03,PLN,PL,3.952995,0.01387
2024-03,TRY,TR,28.466338,0.01387
2024-03,ZAR,ZA,18.445116,0.01387
2024-03,AUD,AU,1.574237,0.01387
2024-03,CAD,CA,1.349944,0.01387
2024-04,INR,IN,83.959263,0.01085
2024-04,CNY,CN,6.957191,0.01085
2024-04,USD,US,1.011729,0.01085
2024-04,EUR,DE,0.894453,0.01085
2024-04,JPY,JP,144.459946,0.01085
2024-04,VND,VN,25077.777925,0.01085
2024-04,BRL,BR,4.813507,0.01085
2024-04,KRW,KR,1311.998718,0.01085
2024-04,MXN,MX,16.705445,0.01085
2024-04,THB,TH,34.46556,0.01085
2024-04,PLN,PL,3.903428,0.01085
2024-04,TRY,TR,27.936509,0.01085
2024-04,ZAR,ZA,18.354682,0.01085
2024-04,AUD,AU,1.571837,0.01085
2024-04,CAD,CA,1.368418,0.01085
2024-05,INR,IN,84.938665,0.00764
2024-05,CNY,CN,6.963112,0.00764
2024-05,USD,US,1.006292,0.00764
2024-05,EUR,DE,0.895032,0.00764
2024-05,JPY,JP,143.197603,0.00764
2024-05,VND,VN,24493.896453,0.00764
2024-05,BRL,BR,4.819263,0.00764
2024-05,KRW,KR,1280.928055,0.00764
2024-05,MXN,MX,16.641049,0.00764
2024-05,THB,TH,34.402508,0.00764
2024-05,PLN,PL,3.90756,0.00764
2024-05,TRY,TR,27.833503,0.00764
2024-05,ZAR,ZA,18.330076,0.00764
2024-05,AUD,AU,1.565077,0.00764
2024-05,CAD,CA,1.34196,0.00764
2024-06,INR,IN,84.340556,0.00432
2024-06,CNY,CN,6.998603,0.00432
2024-06,USD,US,1.011248,0.00432
2024-06,EUR,DE,0.905943,0.00432
2024-06,JPY,JP,141.947622,0.00432
2024-06,VND,VN,24850.432107,0.00432
2024-06,BRL,BR,4.795758,0.00432
2024-06,KRW,KR,1292.559738,0.00432
2024-06,MXN,MX,16.967796,0.00432
2024-06,THB,TH,34.471869,0.00432
2024-06,PLN,PL,3.890141,0.00432
2024-06,TRY,TR,27.842161,0.00432
2024-06,ZAR,ZA,18.342329,0.00432
2024-06,AUD,AU,1.547949,0.00432
2024-06,CAD,CA,1.335937,0.00432
2024-07,INR,IN,84.610884,0.007
2024-07,CNY,CN,6.955828,0.007
2024-07,USD,US,0.985713,0.007
2024-07,EUR,DE,0.914236,0.007
2024-07,JPY,JP,145.35422,0.007
2024-07,VND,VN,24774.395135,0.007
2024-07,BRL,BR,4.75659,0.007
2024-07,KRW,KR,1306.240607,0.007
2024-07,MXN,MX,16.661854,0.007
2024-07,THB,TH,34.23232,0.007
2024-07,PLN,PL,3.903105,0.007
2024-07,TRY,TR,27.900533,0.007
2024-07,ZAR,ZA,18.407467,0.007
2024-07,AUD,AU,1.54206,0.007
2024-07,CAD,CA,1.348931,0.007
2024-08,INR,IN,84.328138,0.01024
2024-08,CNY,CN,6.947581,0.01024
2024-08,USD,US,1.010263,0.01024
2024-08,EUR,DE,0.906183,0.01024
2024-08,JPY,JP,144.242681,0.01024
2024-08,VND,VN,24754.861444,0.01024
2024-08,BRL,BR,4.774611,0.01024
2024-08,KRW,KR,1309.786528,0.01024
2024-08,MXN,MX,16.725674,0.01024
2024-08,THB,TH,34.446906,0.01024
2024-08,PLN,PL,3.875895,0.01024
2024-08,TRY,TR,27.90894,0.01024
2024-08,ZAR,ZA,18.292937,0.01024
2024-08,AUD,AU,1.552674,0.01024
2024-08,CAD,CA,1.335883,0.01024
2024-09,INR,IN,85.282621,0.0133
2024-09,CNY,CN,6.945125,0.0133
2024-09,USD,US,1.002097,0.0133
2024-09,EUR,DE,0.902855,0.0133
2024-09,JPY,JP,144.038668,0.0133
2024-09,VND,VN,24684.329506,0.0133
2024-09,BRL,BR,4.806836,0.0133
2024-09,KRW,KR,1294.365409,0.0133
2024-09,MXN,MX,16.622554,0.0133
2024-09,THB,TH,34.136944,0.0133
2024-09,PLN,PL,3.951486,0.0133
2024-09,TRY,TR,27.392883,0.0133
2024-09,ZAR,ZA,18.312123,0.0133
2024-09,AUD,AU,1.552272,0.0133
2024-09,CAD,CA,1.334609,0.0133
2024-10,INR,IN,85.370729,0.01611
2024-10,CNY,CN,6.902302,0.01611
2024-10,USD,US,1.005493,0.01611
2024-10,EUR,DE,0.916025,0.01611
2024-10,JPY,JP,142.893835,0.01611
2024-10,VND,VN,24553.150705,0.01611
2024-10,BRL,BR,4.846278,0.01611
2024-10,KRW,KR,1310.234527,0.01611
2024-10,MXN,MX,16.582191,0.01611
2024-10,THB,TH,34.649221,0.01611
2024-10,PLN,PL,3.908775,0.01611
2024-10,TRY,TR,27.647635,0.01611
2024-10,ZAR,ZA,18.122791,0.01611
2024-10,AUD,AU,1.56017,0.01611
2024-10,CAD,CA,1.336366,0.01611
2024-11,INR,IN,85.116721,0.01858
2024-11,CNY,CN,6.904395,0.01858
2024-11,USD,US,1.009698,0.01858
2024-11,EUR,DE,0.910433,0.01858
2024-11,JPY,JP,144.278563,0.01858
2024-11,VND,VN,24411.487183,0.01858
2024-11,BRL,BR,4.761596,0.01858
2024-11,KRW,KR,1299.174019,0.01858
2024-11,MXN,MX,16.725114,0.01858
2024-11,THB,TH,33.985467,0.01858
2024-11,PLN,PL,3.781115,0.01858
2024-11,TRY,TR,27.539359,0.01858
2024-11,ZAR,ZA,18.176102,0.01858
2024-11,AUD,AU,1.543982,0.01858
2024-11,CAD,CA,1.326554,0.01858
2024-12,INR,IN,85.127937,0.02065
2024-12,CNY,CN,6.911665,0.02065
2024-12,USD,US,0.979998,0.02065
2024-12,EUR,DE,0.913608,0.02065
2024-12,JPY,JP,142.866439,0.02065
2024-12,VND,VN,24399.913058,0.02065
2024-12,BRL,BR,4.657298,0.02065
2024-12,KRW,KR,1308.179261,0.02065
2024-12,MXN,MX,16.664806,0.02065
2024-12,THB,TH,35.042174,0.02065
2024-12,PLN,PL,3.921832,0.02065
2024-12,TRY,TR,27.853363,0.02065
2024-12,ZAR,ZA,18.514281,0.02065
2024-12,AUD,AU,1.543995,0.02065
2024-12,CAD,CA,1.310641,0.02065
