supplier_id,supplier_name,name,country_code,country,city,industry,established_year,employee_count,annual_revenue_usd,annual_capacity_units,commodity_codes,certifications,financial_stability_score,quality_score,delivery_score,cost_score,sustainability_score,innovation_score,response_time_hours,minimum_order_quantity,lead_time_days,payment_terms,contract_type,preferred_currency,risk_level,risk_score,risk_tier,tier,status,preferred_supplier,onboarding_date,last_audit_date,on_time_delivery,performance_trend,recent_risk_spike
SUP-0001,China Precision Components 001,China Precision Components 001,CN,China,Ningbo,Battery,1980,18804,1428903448.77,1108940,"[""NIC"", ""REE"", ""TIM"", ""SEM"", ""STL""]","[""ISO 45001""]",85.2,93.65,93.4,68.53,60.25,98.36,25.4,3910,35,Net 30,framework,CNY,Medium,53.76,Medium,Tier 1,active,true,2017-04-01,2024-12-03,93.4,declining,false
SUP-0002,China Industrial Works 002,China Industrial Works 002,CN,China,Shanghai,Metals,1989,830,830420889.22,77266,"[""ALM"", ""STL"", ""GLS"", ""PAP""]","[""IATF 16949"", ""LEED""]",96.37,77.7,85.67,84.61,69.49,66.03,33.1,3450,11,Net 30,framework,CNY,Medium,39.87,Medium,Tier 2,active,true,2017-09-01,2024-08-04,85.67,declining,false
SUP-0003,China Global Industries 003,China Global Industries 003,CN,China,Ningbo,Construction,1988,9426,1243166570.77,541513,"[""CEM"", ""COP""]","[""ISO 45001"", ""ISO 14001"", ""SA8000""]",92.08,100,74.39,65.29,68.43,100,47.9,3907,44,Net 90,framework,CNY,Medium,53.08,Medium,Tier 1,active,true,2017-10-01,2024-09-09,74.39,declining,false
SUP-0004,China Integrated Supply 004,China Integrated Supply 004,CN,China,Shanghai,Packaging,1983,2135,247646235.83,151665,"[""PAP"", ""SLC"", ""COP"", ""PLA"", ""CTN""]","[""ISO 14001""]",85.41,80.79,85.31,75.03,66.74,81.19,5.7,438,62,Net 45,multi-year,CNY,Medium,48.64,Medium,Tier 2,active,true,2017-09-01,2024-06-10,85.31,declining,false
SUP-0005,China Advanced Materials 005,China Advanced Materials 005,CN,China,Shenzhen,Battery,1990,1350,878685705.62,810772,"[""LIT"", ""SEM"", ""RBR""]","[""ISO 14001"", ""ISO 45001"", ""IATF 16949""]",77.57,97.72,76.65,76.77,75.34,79.16,15.9,3686,48,Net 60,spot,CNY,Medium,48.89,Medium,Tier 2,active,true,2017-11-01,2024-04-10,76.65,declining,false
SUP-0006,China Precision Components 006,China Precision Components 006,CN,China,Guangzhou,Construction,1994,82,202867008.45,21448,"[""TIM"", ""COP"", ""NIC""]","[""ISO 14001"", ""ISO 9001"", ""SA8000"", ""IATF 16949""]",69.62,95.08,85.0,75.52,68.17,100,25.4,3334,48,Net 90,multi-year,CNY,Medium,57.83,Medium,Tier 3,blacklisted,true,2017-03-01,2024-02-13,85.0,declining,false
SUP-0007,China Industrial Works 007,China Industrial Works 007,CN,China,Suzhou,Battery,1990,23154,919368162.33,1081578,"[""LIT"", ""GLS"", ""SEM"", ""TIM"", ""PAP""]","[""LEED"", ""ISO 14001"", ""IATF 16949""]",85.08,93.28,100,87.72,54.49,86.14,31.6,546,54,Net 60,multi-year,CNY,Medium,53.03,Medium,Tier 1,active,true,2017-05-01,2024-11-25,100,declining,false
SUP-0008,China Global Industries 008,China Global Industries 008,CN,China,Ningbo,Construction,1996,23509,333626542.02,73289,"[""CEM"", ""GLS""]","[""LEED"", ""ISO 45001"", ""IATF 16949"", ""ISO 9001""]",85.47,91.13,96.4,77.45,69.2,80.88,31.0,2964,25,Net 30,multi-year,CNY,Medium,42.24,Medium,Tier 1,active,true,2017-05-01,2024-01-23,96.4,declining,false
SUP-0009,China Integrated Supply 009,China Integrated Supply 009,CN,China,Shenzhen,Textiles,1999,238,413368260.66,217988,"[""CTN"", ""RBR"", ""REE"", ""PLA""]","[""ISO 14001""]",83.25,91.65,83.08,66.76,76.14,80.42,51.4,1946,13,Net 60,multi-year,CNY,Medium,54.57,Medium,Tier 3,active,true,2017-04-01,2024-09-22,83.08,declining,false
SUP-0010,China Advanced Materials 010,China Advanced Materials 010,CN,China,Ningbo,Polymers,1997,333,617466333.2,402698,"[""RBR"", ""PLA"", ""SEM"", ""SLC""]","[""ISO 14001"", ""ISO 45001"", ""IATF 16949""]",71.59,78.52,81.33,78.39,81.21,87.14,4.3,1625,17,Net 90,framework,CNY,Medium,56.44,Medium,Tier 2,active,true,2017-07-01,2024-02-01,81.33,declining,false
SUP-0011,China Precision Components 011,China Precision Components 011,CN,China,Guangzhou,Battery,2011,205,166651629.62,29870,"[""NIC"", ""SEM"", ""SLC"", ""GLS""]","[""IATF 16949"", ""ISO 14001""]",75.94,100,95.25,78.18,71.52,77.59,50.0,1913,55,Net 30,spot,CNY,Medium,53.08,Medium,Tier 3,active,true,2017-04-01,2024-08-06,95.25,improving,false
SUP-0012,China Industrial Works 012,China Industrial Works 012,CN,China,Suzhou,Electronics,2007,123,299413018.8,422360,"[""SEM"", ""NIC""]","[""SA8000""]",87.97,90.59,83.32,64.83,74.15,90.4,12.1,3151,57,Net 60,multi-year,CNY,Medium,42.0,Medium,Tier 3,inactive,true,2017-03-01,2024-05-21,83.32,improving,false
SUP-0013,China Global Industries 013,China Global Industries 013,CN,China,Shenzhen,Polymers,1994,13120,957301227.32,465198,"[""PLA"", ""ALM"", ""CTN"", ""COP""]","[""ISO 14001"", ""ISO 9001"", ""ISO 45001"", ""IATF 16949""]",97.7,96.11,85.65,80.26,75.51,79.63,36.7,914,31,Net 60,multi-year,CNY,Medium,47.22,Medium,Tier 1,inactive,true,2017-11-01,2024-04-11,85.65,improving,false
SUP-0014,China Integrated Supply 014,China Integrated Supply 014,CN,China,Ningbo,Electronics,1988,877,1010293808.73,846896,"[""SLC"", ""COP"", ""REE"", ""PAP""]","[""ISO 9001""]",74.82,94.48,90.01,71.77,90.01,82.03,27.7,264,30,Net 45,framework,CNY,Medium,56.66,Medium,Tier 2,active,true,2017-07-01,2024-02-13,90.01,improving,false
SUP-0015,China Advanced Materials 015,China Advanced Materials 015,CN,China,Ningbo,Metals,1985,8155,754444758.9,985920,"[""ALM"", ""PAP"", ""COP""]","[""ISO 9001"", ""ISO 14001"", ""ISO 45001""]",92.25,100,87.5,80.44,70.79,84.62,19.1,3493,9,Net 90,multi-year,CNY,Medium,46.54,Medium,Tier 1,inactive,true,2017-04-01,2024-03-25,87.5,improving,false
SUP-0016,China Precision Components 016,China Precision Components 016,CN,China,Suzhou,Metals,1986,123,577898738.49,242152,"[""ALM"", ""CEM"", ""STL"", ""GLS""]","[""ResponsibleSteel"", ""ISO 45001"", ""SA8000""]",73.01,98.62,77.05,86.97,79.81,74.7,17.3,3780,11,Net 45,spot,CNY,Medium,47.4,Medium,Tier 3,blacklisted,false,2017-08-01,2024-04-20,77.05,improving,false
SUP-0017,China Industrial Works 017,China Industrial Works 017,CN,China,Shenzhen,Battery,1999,242,211204346.3,92571,"[""NIC"", ""TIM"", ""SEM"", ""CEM"", ""REE""]","[""ResponsibleSteel""]",78.74,93.61,93.06,72.62,79.76,85.53,41.3,3386,27,Net 90,multi-year,CNY,Medium,58.16,Medium,Tier 3,blacklisted,false,2017-08-01,2024-02-22,93.06,improving,false
SUP-0018,China Global Industries 018,China Global Industries 018,CN,China,Shanghai,Battery,1989,10575,56210244.62,833955,"[""LIT"", ""SEM""]","[""LEED"", ""ISO 14001""]",83.75,90.49,94.88,85.77,66.0,84.36,36.3,967,43,Net 90,multi-year,CNY,Medium,44.31,Medium,Tier 1,active,false,2017-12-01,2024-03-23,94.88,improving,false
SUP-0019,China Integrated Supply 019,China Integrated Supply 019,CN,China,Shanghai,Construction,1979,1021,771558380.92,170297,"[""TIM"", ""RBR""]","[""ISO 14001"", ""ISO 9001"", ""LEED"", ""ResponsibleSteel""]",78.51,93.58,87.62,70.78,58.63,85.06,9.4,313,42,Net 60,framework,CNY,Medium,50.77,Medium,Tier 2,active,false,2017-06-01,2024-03-16,87.62,improving,false
SUP-0020,China Advanced Materials 020,China Advanced Materials 020,CN,China,Suzhou,Polymers,1979,7346,1370434112.99,949316,"[""PLA"", ""SEM"", ""STL""]","[""SA8000"", ""LEED""]",82.19,100,89.98,60.87,87.82,84.48,18.9,4857,41,Net 30,framework,CNY,Medium,50.32,Medium,Tier 1,inactive,false,2017-01-01,2024-10-11,89.98,improving,false
SUP-0021,China Precision Components 021,China Precision Components 021,CN,China,Suzhou,Electronics,1980,2458,94064960.3,200976,"[""SLC"", ""REE""]","[""ResponsibleSteel""]",76.0,84.1,81.04,86.32,81.68,89.7,3.4,4655,53,Net 90,multi-year,CNY,Medium,47.52,Medium,Tier 2,inactive,false,2017-05-01,2024-10-04,81.04,improving,false
SUP-0022,China Industrial Works 022,China Industrial Works 022,CN,China,Suzhou,Construction,1986,141,241188417.42,8687,"[""GLS"", ""TIM""]","[""LEED"", ""SA8000"", ""IATF 16949""]",76.81,93.08,86.84,91.35,69.77,85.51,22.9,4174,24,Net 45,framework,CNY,Medium,48.81,Medium,Tier 3,inactive,false,2017-11-01,2024-02-14,86.84,improving,false
SUP-0023,China Global Industries 023,China Global Industries 023,CN,China,Shenzhen,Metals,1980,16284,1405135110.89,994934,"[""ALM"", ""NIC"", ""SEM"", ""GLS""]","[""ISO 45001""]",81.01,83.74,92.0,80.38,79.33,70.8,46.0,3539,37,Net 45,multi-year,CNY,Medium,58.72,Medium,Tier 1,active,false,2017-02-01,2024-04-14,92.0,improving,false
SUP-0024,China Integrated Supply 024,China Integrated Supply 024,CN,China,Shanghai,Electronics,1975,2241,58700760.12,668407,"[""REE"", ""STL"", ""ALM"", ""PLA""]","[""ResponsibleSteel"", ""ISO 14001""]",86.08,77.22,77.11,72.63,71.28,62.36,44.5,2418,50,Net 45,multi-year,CNY,Medium,59.3,Medium,Tier 2,active,false,2017-07-01,2024-01-11,77.11,improving,false
SUP-0025,China Advanced Materials 025,China Advanced Materials 025,CN,China,Shanghai,Construction,2008,1851,583060471.1,737901,"[""GLS"", ""TIM""]","[""ISO 45001"", ""ISO 14001"", ""ISO 9001"", ""IATF 16949""]",100,79.7,85.37,74.37,64.18,74.5,12.4,2456,20,Net 60,spot,CNY,Medium,39.41,Medium,Tier 2,active,false,2017-07-01,2024-02-24,85.37,improving,false
SUP-0026,China Precision Components 026,China Precision Components 026,CN,China,Shanghai,Construction,1991,853,786129614.92,549467,"[""TIM"", ""ALM""]","[""IATF 16949""]",67.74,86.7,94.98,73.76,78.86,69.79,30.8,1369,43,Net 45,framework,CNY,High,62.72,High,Tier 2,active,false,2017-09-01,2024-10-02,94.98,stable,true
SUP-0027,China Industrial Works 027,China Industrial Works 027,CN,China,Ningbo,Metals,1996,16962,1007155820.85,402947,"[""ALM"", ""GLS"", ""REE"", ""LIT"", ""STL""]","[""ResponsibleSteel"", ""ISO 9001""]",85.77,83.7,90.95,61.09,100,97.33,14.4,4687,43,Net 90,framework,CNY,Medium,44.2,Medium,Tier 1,active,false,2017-02-01,2024-03-08,90.95,stable,true
SUP-0028,China Global Industries 028,China Global Industries 028,CN,China,Suzhou,Electronics,1975,228,83747356.2,514728,"[""REE"", ""PAP"", ""ALM"", ""COP"", ""LIT""]","[""SA8000"", ""ISO 14001"", ""ISO 45001""]",86.0,93.75,93.17,74.37,75.07,64.64,53.2,1170,30,Net 30,framework,CNY,Medium,49.69,Medium,Tier 3,inactive,false,2017-06-01,2024-05-01,93.17,stable,true
SUP-0029,China Integrated Supply 029,China Integrated Supply 029,CN,China,Suzhou,Construction,1989,2377,190723929.92,351928,"[""CEM"", ""RBR"", ""NIC""]","[""SA8000"", ""ISO 45001"", ""ISO 9001""]",74.63,93.48,70.46,82.83,66.28,87.3,11.4,2895,7,Net 60,multi-year,CNY,Medium,46.96,Medium,Tier 2,inactive,false,2017-08-01,2024-08-17,70.46,stable,true
SUP-0030,China Advanced Materials 030,China Advanced Materials 030,CN,China,Guangzhou,Construction,1997,15203,1287831244.57,436842,"[""GLS"", ""TIM"", ""LIT""]","[""LEED"", ""ISO 45001"", ""ISO 9001"", ""IATF 16949""]",91.11,93.42,100,81.09,53.43,82.63,17.0,3282,43,Net 60,spot,CNY,Medium,47.39,Medium,Tier 1,active,false,2017-05-01,2024-06-16,100,stable,true
SUP-0031,China Precision Components 031,China Precision Components 031,CN,China,Shanghai,Construction,1984,878,112153122.23,198394,"[""TIM"", ""LIT""]","[""ISO 14001"", ""IATF 16949"", ""SA8000"", ""LEED""]",91.43,85.66,72.18,76.76,68.3,68.39,24.9,2277,55,Net 30,multi-year,CNY,Medium,46.86,Medium,Tier 2,active,false,2017-09-01,2024-05-14,72.18,stable,false
SUP-0032,China Industrial Works 032,China Industrial Works 032,CN,China,Guangzhou,Electronics,1985,2423,529279760.67,281538,"[""SLC"", ""CTN"", ""REE"", ""NIC"", ""CEM""]","[""ISO 14001"", ""SA8000"", ""ISO 45001""]",81.13,89.66,74.23,83.45,55.84,96.74,22.8,2281,60,Net 90,framework,CNY,Medium,50.99,Medium,Tier 2,active,false,2017-09-01,2024-06-05,74.23,stable,false
SUP-0033,China Global Industries 033,China Global Industries 033,CN,China,Suzhou,Electronics,1980,1820,161594045.77,204798,"[""REE"", ""SEM"", ""PAP""]","[""ResponsibleSteel""]",85.68,89.76,82.61,84.6,68.81,89.01,30.6,2884,40,Net 60,framework,CNY,Medium,56.45,Medium,Tier 2,active,false,2017-08-01,2024-08-13,82.61,stable,false
SUP-0034,China Integrated Supply 034,China Integrated Supply 034,CN,China,Shenzhen,Metals,1983,2383,1035851103.73,587583,"[""STL"", ""PAP"", ""CEM"", ""RBR""]","[""ResponsibleSteel""]",68.28,84.93,80.34,84.4,86.76,80.07,31.8,686,17,Net 90,multi-year,CNY,Medium,50.88,Medium,Tier 2,active,false,2017-08-01,2024-06-23,80.34,stable,false
SUP-0035,China Advanced Materials 035,China Advanced Materials 035,CN,China,Guangzhou,Polymers,1983,2494,649390994.39,413179,"[""RBR"", ""TIM"", ""PLA""]","[""ISO 9001""]",88.17,98.77,86.29,72.91,69.76,97.82,16.6,1615,20,Net 45,framework,CNY,Medium,44.28,Medium,Tier 2,active,false,2017-09-01,2024-08-11,86.29,stable,false
SUP-0036,India Precision Components 036,India Precision Components 036,IN,India,Mumbai,Metals,1992,2146,782367325.07,669154,"[""STL"", ""CTN""]","[""ISO 45001"", ""ISO 9001"", ""IATF 16949"", ""LEED""]",78.87,90.46,87.08,79.37,73.26,72.98,27.6,1542,59,Net 30,multi-year,INR,Medium,43.33,Medium,Tier 2,active,false,2017-09-01,2024-07-14,87.08,stable,false
SUP-0037,India Industrial Works 037,India Industrial Works 037,IN,India,Pune,Construction,1992,18350,274404121.57,684395,"[""TIM"", ""NIC""]","[""ISO 45001"", ""LEED""]",89.29,87.31,96.23,82.95,60.4,95.9,35.3,1912,42,Net 60,spot,INR,Medium,41.69,Medium,Tier 1,active,false,2017-05-01,2024-06-09,96.23,stable,false
SUP-0038,India Global Industries 038,India Global Industries 038,IN,India,Bengaluru,Packaging,1999,18231,296969131.4,430489,"[""PAP"", ""TIM"", ""CTN""]","[""LEED""]",89.47,94.02,91.73,64.2,73.03,86.75,10.8,2375,14,Net 60,spot,INR,Low,29.34,Low,Tier 1,active,false,2017-05-01,2024-01-25,91.73,stable,false
SUP-0039,India Integrated Supply 039,India Integrated Supply 039,IN,India,Bengaluru,Construction,1996,3081,797343195.66,138489,"[""TIM"", ""SEM""]","[""ISO 45001"", ""SA8000"", ""ResponsibleSteel""]",100,99.21,81.44,63.44,76.39,70.85,2.6,1956,62,Net 60,spot,INR,Medium,37.1,Medium,Tier 1,active,false,2017-04-01,2024-08-17,81.44,stable,false
SUP-0040,India Advanced Materials 040,India Advanced Materials 040,IN,India,Ahmedabad,Construction,1992,5897,413903808.12,1116984,"[""CEM"", ""REE""]","[""SA8000"", ""IATF 16949""]",99.31,100,84.72,74.83,85.62,71.68,30.0,2004,47,Net 45,framework,INR,Medium,41.18,Medium,Tier 1,active,false,2017-12-01,2024-01-19,84.72,stable,false
SUP-0041,India Precision Components 041,India Precision Components 041,IN,India,Bengaluru,Construction,2005,6264,467999262.05,644224,"[""GLS"", ""PLA"", ""CEM"", ""REE""]","[""IATF 16949"", ""SA8000"", ""ISO 45001"", ""ResponsibleSteel""]",77.34,89.47,78.94,77.07,69.94,87.21,4.2,4526,54,Net 45,multi-year,INR,Medium,38.69,Medium,Tier 1,active,false,2017-10-01,2024-04-22,78.94,stable,false
SUP-0042,India Industrial Works 042,India Industrial Works 042,IN,India,Mumbai,Metals,1981,4608,678432675.72,565243,"[""STL"", ""SEM"", ""REE"", ""SLC""]","[""ISO 14001"", ""LEED"", ""IATF 16949"", ""ISO 9001""]",80.53,89.1,93.18,89.95,74.36,74.29,24.6,729,7,Net 45,multi-year,INR,Medium,37.23,Medium,Tier 1,active,false,2017-09-01,2024-07-19,93.18,stable,false
SUP-0043,India Global Industries 043,India Global Industries 043,IN,India,Mumbai,Packaging,1994,10723,242542574.89,786280,"[""PAP"", ""RBR"", ""CEM"", ""COP""]","[""SA8000"", ""ISO 14001"", ""ISO 9001"", ""IATF 16949""]",84.68,90.11,77.32,76.64,57.2,70.7,30.0,555,17,Net 60,multi-year,INR,Medium,38.95,Medium,Tier 1,active,false,2017-03-01,2024-09-14,77.32,stable,false
SUP-0044,India Integrated Supply 044,India Integrated Supply 044,IN,India,Chennai,Electronics,1975,16557,127605176.52,576239,"[""SEM"", ""TIM""]","[""SA8000""]",95.79,97.06,81.14,63.15,78.95,70.55,9.4,1565,17,Net 60,framework,INR,Medium,35.84,Medium,Tier 1,active,false,2017-05-01,2024-12-15,81.14,stable,false
SUP-0045,India Advanced Materials 045,India Advanced Materials 045,IN,India,Chennai,Packaging,2003,231,352180611.25,22361,"[""PAP"", ""NIC"", ""GLS"", ""SEM"", ""CEM""]","[""SA8000""]",80.24,95.34,62.81,66.66,80.81,85.77,48.4,3475,32,Net 90,multi-year,INR,Low,32.74,Low,Tier 3,inactive,false,2017-12-01,2024-04-05,62.81,stable,false
SUP-0046,India Precision Components 046,India Precision Components 046,IN,India,Bengaluru,Polymers,1997,1574,46661412.11,593355,"[""RBR"", ""CEM"", ""LIT""]","[""ResponsibleSteel"", ""LEED"", ""ISO 45001"", ""SA8000""]",86.45,89.34,80.18,86.43,73.32,69.9,12.3,1643,51,Net 30,multi-year,INR,Medium,42.56,Medium,Tier 2,active,false,2017-10-01,2024-10-07,80.18,stable,false
SUP-0047,India Industrial Works 047,India Industrial Works 047,IN,India,Ahmedabad,Polymers,1981,976,593943434.68,483886,"[""PLA"", ""LIT""]","[""IATF 16949"", ""ResponsibleSteel"", ""ISO 9001"", ""ISO 14001""]",87.96,84.8,81.68,81.04,87.22,77.42,23.3,3711,45,Net 90,multi-year,INR,Medium,39.78,Medium,Tier 2,active,false,2017-07-01,2024-08-05,81.68,stable,false
SUP-0048,India Global Industries 048,India Global Industries 048,IN,India,Pune,Construction,1989,566,335008472.74,525109,"[""GLS"", ""CTN"", ""RBR""]","[""ISO 9001""]",77.5,83.87,80.3,71.33,66.13,96.02,20.4,4016,37,Net 45,spot,INR,Medium,42.27,Medium,Tier 2,inactive,false,2017-02-01,2024-08-15,80.3,stable,false
SUP-0049,India Integrated Supply 049,India Integrated Supply 049,IN,India,Mumbai,Battery,1990,74,247305705.29,325619,"[""LIT"", ""SEM"", ""CEM"", ""NIC""]","[""ResponsibleSteel"", ""ISO 14001"", ""IATF 16949""]",79.5,85.06,78.07,75.52,72.8,64.39,13.1,3676,7,Net 60,spot,INR,Medium,42.82,Medium,Tier 3,active,false,2017-05-01,2024-04-20,78.07,stable,false
SUP-0050,India Advanced Materials 050,India Advanced Materials 050,IN,India,Pune,Electronics,2011,27,147365123.04,125035,"[""REE"", ""LIT"", ""PLA"", ""SEM"", ""TIM""]","[""SA8000"", ""ISO 45001"", ""ISO 14001""]",82.9,82.06,83.86,83.19,73.51,100,35.8,2383,37,Net 90,framework,INR,Medium,42.86,Medium,Tier 3,blacklisted,false,2017-02-01,2024-06-25,83.86,stable,false
SUP-0051,India Precision Components 051,India Precision Components 051,IN,India,Pune,Metals,2002,10202,164323499.17,778615,"[""ALM"", ""TIM"", ""RBR""]","[""SA8000"", ""ResponsibleSteel""]",92.12,100,83.2,66.28,77.26,72.34,10.1,3135,45,Net 30,framework,INR,Medium,49.0,Medium,Tier 1,active,false,2017-02-01,2024-11-23,83.2,stable,false
SUP-0052,India Industrial Works 052,India Industrial Works 052,IN,India,Chennai,Construction,2008,23149,854341313.0,780027,"[""TIM"", ""CEM"", ""COP"", ""SEM"", ""REE""]","[""ResponsibleSteel"", ""SA8000"", ""LEED"", ""ISO 14001""]",66.72,94.34,74.15,76.52,74.67,80.53,15.0,4586,32,Net 90,spot,INR,Medium,40.2,Medium,Tier 1,active,false,2017-10-01,2024-11-24,74.15,stable,false
SUP-0053,India Global Industries 053,India Global Industries 053,IN,India,Pune,Construction,1976,1738,407015177.49,62667,"[""TIM"", ""LIT"", ""CEM"", ""STL""]","[""ISO 45001"", ""ResponsibleSteel""]",80.59,90.33,87.99,80.24,71.55,87.67,23.6,745,65,Net 45,multi-year,INR,Medium,36.88,Medium,Tier 2,active,false,2017-11-01,2024-09-16,87.99,stable,false
SUP-0054,India Integrated Supply 054,India Integrated Supply 054,IN,India,Chennai,Battery,1980,36,524160434.33,198070,"[""LIT"", ""PLA"", ""CEM"", ""RBR"", ""PAP""]","[""ISO 45001""]",56.56,85.75,78.07,75.6,72.24,69.49,7.8,883,27,Net 90,multi-year,INR,Medium,41.11,Medium,Tier 3,active,false,2017-10-01,2024-04-12,78.07,stable,false
SUP-0055,India Advanced Materials 055,India Advanced Materials 055,IN,India,Chennai,Electronics,2015,52,437451309.56,80021,"[""REE"", ""SEM""]","[""ISO 14001"", ""ResponsibleSteel"", ""ISO 45001""]",82.71,88.1,76.43,87.7,80.04,80.02,5.0,3550,51,Net 30,multi-year,INR,Medium,47.38,Medium,Tier 3,active,false,2017-01-01,2024-03-03,76.43,stable,false
SUP-0056,India Precision Components 056,India Precision Components 056,IN,India,Mumbai,Metals,1977,1090,863994378.85,169135,"[""ALM"", ""GLS"", ""TIM""]","[""ISO 9001"", ""LEED"", ""IATF 16949""]",89.03,92.32,73.86,66.05,67.49,90.17,14.6,1995,36,Net 90,framework,INR,Medium,37.67,Medium,Tier 2,active,false,2017-05-01,2024-02-05,73.86,stable,false
SUP-0057,India Industrial Works 057,India Industrial Works 057,IN,India,Chennai,Metals,2008,38,23162160.73,324353,"[""STL"", ""GLS""]","[""ISO 9001"", ""ISO 14001"", ""ISO 45001""]",81.83,97.42,87.23,78.07,72.89,61.81,50.7,1562,52,Net 30,multi-year,INR,Medium,41.64,Medium,Tier 3,active,false,2017-11-01,2024-06-15,87.23,stable,false
SUP-0058,India Global Industries 058,India Global Industries 058,IN,India,Ahmedabad,Packaging,1985,1819,395040599.51,680516,"[""PAP"", ""LIT"", ""STL""]","[""ISO 9001""]",69.23,86.34,91.28,80.69,75.71,69.64,18.2,3751,30,Net 45,multi-year,INR,Medium,49.11,Medium,Tier 2,active,false,2017-07-01,2024-08-09,91.28,stable,false
SUP-0059,India Integrated Supply 059,India Integrated Supply 059,IN,India,Chennai,Electronics,1985,206,214419036.17,530381,"[""SEM"", ""GLS"", ""CEM"", ""CTN""]","[""ISO 9001""]",90.1,84.98,86.37,72.79,77.32,80.03,12.8,979,39,Net 90,framework,INR,Medium,39.97,Medium,Tier 3,inactive,false,2017-09-01,2024-07-25,86.37,stable,false
SUP-0060,India Advanced Materials 060,India Advanced Materials 060,IN,India,Bengaluru,Electronics,1985,8174,440857087.57,303840,"[""SEM"", ""STL"", ""RBR"", ""SLC""]","[""LEED""]",85.95,99.37,80.36,63.51,68.93,71.75,27.4,1992,32,Net 60,framework,INR,Medium,41.5,Medium,Tier 1,active,false,2017-01-01,2024-03-16,80.36,stable,false
SUP-0061,India Precision Components 061,India Precision Components 061,IN,India,Mumbai,Battery,1992,2256,862121617.39,377706,"[""NIC"", ""STL"", ""TIM"", ""LIT"", ""PLA""]","[""IATF 16949""]",76.07,95.36,79.28,75.62,77.37,86.28,39.2,1852,42,Net 90,spot,INR,Medium,35.88,Medium,Tier 2,active,false,2017-08-01,2024-09-02,79.28,stable,false
SUP-0062,India Industrial Works 062,India Industrial Works 062,IN,India,Chennai,Electronics,1988,22199,1081866215.28,591274,"[""REE"", ""SLC"", ""LIT"", ""ALM""]","[""SA8000""]",92.32,98.51,96.08,68.53,63.22,61.81,45.3,51,34,Net 45,spot,INR,Low,32.42,Low,Tier 1,active,false,2017-08-01,2024-03-10,96.08,stable,false
SUP-0063,India Global Industries 063,India Global Industries 063,IN,India,Bengaluru,Polymers,1991,1906,643091649.05,228055,"[""RBR"", ""SEM"", ""CTN"", ""NIC"", ""STL""]","[""IATF 16949"", ""LEED""]",82.13,91.76,76.98,61.71,72.81,84.65,2.2,2809,8,Net 45,multi-year,INR,Low,34.45,Low,Tier 2,active,false,2017-01-01,2024-04-19,76.98,stable,false
SUP-0064,India Integrated Supply 064,India Integrated Supply 064,IN,India,Ahmedabad,Electronics,2008,8734,1037480055.14,814914,"[""REE"", ""NIC"", ""GLS""]","[""ISO 45001""]",92.17,100,92.57,72.29,83.09,75.46,13.3,4049,25,Net 45,multi-year,INR,Medium,38.37,Medium,Tier 1,active,false,2017-02-01,2024-10-26,92.57,stable,false
SUP-0065,India Advanced Materials 065,India Advanced Materials 065,IN,India,Chennai,Electronics,2000,207,501553253.46,396470,"[""SEM"", ""REE"", ""ALM"", ""LIT"", ""CEM""]","[""IATF 16949"", ""ISO 14001""]",73.43,79.37,79.61,79.37,60.87,76.94,40.2,2964,57,Net 60,spot,INR,Medium,40.89,Medium,Tier 3,active,false,2017-10-01,2024-02-23,79.61,stable,false
SUP-0066,United States Precision Components 066,United States Precision Components 066,US,United States,Chicago,Polymers,1977,181,213987422.85,286939,"[""RBR"", ""CEM"", ""ALM"", ""GLS""]","[""IATF 16949""]",89.6,96.17,77.72,76.29,86.4,100,21.1,2915,21,Net 90,spot,USD,Low,16.08,Low,Tier 3,active,false,2017-10-01,2024-12-16,77.72,stable,false
SUP-0067,United States Industrial Works 067,United States Industrial Works 067,US,United States,Chicago,Construction,1982,6353,665859338.21,1153498,"[""TIM"", ""STL"", ""PLA""]","[""IATF 16949"", ""SA8000"", ""ISO 14001""]",91.02,89.44,82.72,79.12,80.61,68.62,21.1,1071,36,Net 60,multi-year,USD,Low,20.38,Low,Tier 1,active,false,2017-01-01,2024-06-11,82.72,stable,false
SUP-0068,United States Global Industries 068,United States Global Industries 068,US,United States,San Jose,Electronics,2012,190,520660897.6,266253,"[""SEM"", ""GLS"", ""COP"", ""CTN"", ""ALM""]","[""ResponsibleSteel"", ""ISO 9001"", ""IATF 16949"", ""LEED""]",81.45,98.01,87.32,83.02,74.13,79.03,48.0,3659,57,Net 30,multi-year,USD,Low,28.87,Low,Tier 3,active,false,2017-10-01,2024-02-11,87.32,stable,false
SUP-0069,United States Integrated Supply 069,United States Integrated Supply 069,US,United States,Detroit,Electronics,2010,1556,412523252.52,269923,"[""SLC"", ""STL"", ""GLS""]","[""LEED"", ""ISO 45001"", ""IATF 16949"", ""SA8000""]",84.5,76.88,91.37,78.71,66.8,78.34,30.5,2626,26,Net 45,multi-year,USD,Low,19.67,Low,Tier 2,active,false,2017-07-01,2024-10-15,91.37,stable,false
SUP-0070,United States Advanced Materials 070,United States Advanced Materials 070,US,United States,Austin,Metals,2009,1035,626753490.56,355788,"[""COP"", ""STL"", ""CEM"", ""PAP""]","[""ResponsibleSteel""]",76.48,86.29,75.61,79.32,75.91,82.22,7.1,1616,63,Net 30,spot,USD,Low,18.55,Low,Tier 2,blacklisted,false,2017-10-01,2024-01-10,75.61,stable,false
SUP-0071,United States Precision Components 071,United States Precision Components 071,US,United States,Austin,Packaging,2000,1421,669902172.51,862795,"[""PAP"", ""LIT"", ""CTN"", ""RBR""]","[""ISO 9001""]",91.31,86.13,84.88,79.27,71.04,85.4,36.2,3585,9,Net 60,multi-year,USD,Low,15.4,Low,Tier 2,active,false,2017-11-01,2024-03-07,84.88,stable,false
SUP-0072,United States Industrial Works 072,United States Industrial Works 072,US,United States,Austin,Construction,1997,1194,957306301.36,314885,"[""GLS"", ""CTN"", ""PAP"", ""CEM""]","[""ISO 9001"", ""IATF 16949"", ""ResponsibleSteel"", ""SA8000""]",74.44,88.59,90.43,77.13,65.66,86.99,6.4,944,37,Net 60,multi-year,USD,Low,14.99,Low,Tier 2,active,false,2017-05-01,2024-07-04,90.43,stable,false
SUP-0073,United States Global Industries 073,United States Global Industries 073,US,United States,San Jose,Textiles,1998,520,883060282.49,212394,"[""CTN"", ""PAP"", ""COP"", ""CEM""]","[""IATF 16949"", ""ISO 14001"", ""LEED"", ""ISO 45001""]",82.65,85.48,84.74,87.98,77.52,90.61,3.8,2707,24,Net 90,framework,USD,Low,21.24,Low,Tier 2,active,false,2017-11-01,2024-01-20,84.74,stable,false
SUP-0074,United States Integrated Supply 074,United States Integrated Supply 074,US,United States,Houston,Metals,1999,2316,324906818.05,782016,"[""COP"", ""RBR"", ""TIM""]","[""ISO 14001"", ""ISO 45001""]",89.22,85.38,94.3,79.25,71.72,84.74,23.7,4785,30,Net 90,multi-year,USD,Low,26.76,Low,Tier 2,inactive,false,2017-05-01,2024-10-09,94.3,stable,false
SUP-0075,United States Advanced Materials 075,United States Advanced Materials 075,US,United States,Detroit,Electronics,1978,12399,1319766238.24,1131382,"[""SLC"", ""CEM"", ""STL""]","[""ISO 9001"", ""SA8000""]",81.33,97.76,94.9,66.8,84.81,95.05,16.8,4558,39,Net 45,spot,USD,Low,23.58,Low,Tier 1,active,false,2017-01-01,2024-10-20,94.9,stable,false
SUP-0076,United States Precision Components 076,United States Precision Components 076,US,United States,Detroit,Textiles,1982,114,532092466.6,10818,"[""CTN"", ""NIC"", ""LIT"", ""TIM""]","[""ISO 14001"", ""ISO 45001"", ""IATF 16949"", ""LEED""]",97.04,95.96,91.34,81.68,89.23,89.15,3.6,4373,25,Net 30,framework,USD,Low,18.53,Low,Tier 3,active,false,2017-05-01,2024-07-01,91.34,stable,false
SUP-0077,United States Industrial Works 077,United States Industrial Works 077,US,United States,San Jose,Metals,1977,19660,96752852.14,635511,"[""COP"", ""TIM"", ""NIC""]","[""ISO 45001"", ""IATF 16949""]",89.73,97.34,85.38,71.03,65.28,73.39,34.4,3698,31,Net 30,multi-year,USD,Low,23.68,Low,Tier 1,active,false,2017-11-01,2024-10-15,85.38,stable,false
SUP-0078,United States Global Industries 078,United States Global Industries 078,US,United States,Houston,Construction,1978,81,304860261.01,188832,"[""GLS"", ""CEM"", ""PLA""]","[""IATF 16949"", ""ResponsibleSteel"", ""ISO 9001"", ""ISO 45001""]",86.5,86.82,72.16,91.08,67.83,74.42,37.9,3738,40,Net 60,multi-year,USD,Low,20.99,Low,Tier 3,active,false,2017-04-01,2024-02-17,72.16,stable,false
SUP-0079,United States Integrated Supply 079,United States Integrated Supply 079,US,United States,Austin,Electronics,1979,67,437435450.89,512838,"[""SEM"", ""ALM"", ""REE"", ""COP""]","[""ISO 9001""]",94.07,83.38,76.59,85.39,67.13,80.24,61.4,1736,21,Net 45,multi-year,USD,Low,24.22,Low,Tier 3,active,false,2017-01-01,2024-12-06,76.59,stable,false
SUP-0080,United States Advanced Materials 080,United States Advanced Materials 080,US,United States,Austin,Textiles,2010,2046,727711645.67,846613,"[""CTN"", ""SLC"", ""PAP""]","[""ResponsibleSteel""]",82.59,86.13,97.54,78.62,91.05,79.07,42.3,4808,49,Net 30,spot,USD,Low,19.95,Low,Tier 2,active,false,2017-06-01,2024-12-14,97.54,stable,false
SUP-0081,United States Precision Components 081,United States Precision Components 081,US,United States,Houston,Metals,1993,55,579278499.72,181616,"[""COP"", ""RBR""]","[""ISO 9001"", ""ResponsibleSteel"", ""ISO 14001"", ""LEED""]",81.19,90.91,87.53,65.11,71.02,77.54,40.6,4743,54,Net 45,spot,USD,Low,25.35,Low,Tier 3,active,false,2017-08-01,2024-09-20,87.53,stable,false
SUP-0082,United States Industrial Works 082,United States Industrial Works 082,US,United States,Austin,Construction,2008,18603,663391629.36,550989,"[""CEM"", ""LIT""]","[""ResponsibleSteel""]",94.03,100,97.62,68.06,65.33,66.62,9.0,244,47,Net 30,framework,USD,Low,19.79,Low,Tier 1,active,false,2017-05-01,2024-08-10,97.62,stable,false
SUP-0083,United States Global Industries 083,United States Global Industries 083,US,United States,Detroit,Construction,1982,183,259820304.61,71113,"[""GLS"", ""RBR""]","[""ResponsibleSteel"", ""IATF 16949"", ""LEED""]",84.03,89.62,84.12,84.04,69.92,88.36,44.3,2924,18,Net 90,spot,USD,Low,13.68,Low,Tier 3,active,false,2017-09-01,2024-02-03,84.12,stable,false
SUP-0084,United States Integrated Supply 084,United States Integrated Supply 084,US,United States,Austin,Electronics,1997,43,313165792.8,276878,"[""SLC"", ""CEM"", ""GLS"", ""REE"", ""NIC""]","[""ISO 14001""]",73.58,93.93,76.61,73.7,59.66,86.22,49.3,2843,28,Net 30,multi-year,USD,Low,16.76,Low,Tier 3,active,false,2017-03-01,2024-04-07,76.61,stable,false
SUP-0085,United States Advanced Materials 085,United States Advanced Materials 085,US,United States,Chicago,Battery,1993,18827,451703116.78,857098,"[""LIT"", ""ALM"", ""CEM""]","[""IATF 16949""]",92.13,84.1,82.22,81.38,74.01,79.21,30.8,388,20,Net 60,framework,USD,Low,19.28,Low,Tier 1,active,false,2017-04-01,2024-06-19,82.22,stable,false
SUP-0086,United States Precision Components 086,United States Precision Components 086,US,United States,Austin,Electronics,2006,3759,1088640666.24,964150,"[""SLC"", ""STL"", ""RBR"", ""TIM"", ""PLA""]","[""ISO 45001"", ""ISO 14001""]",93.85,87.34,91.32,79.27,51.86,95.66,46.4,4706,60,Net 30,framework,USD,Low,16.7,Low,Tier 1,active,false,2017-08-01,2024-02-01,91.32,stable,false
SUP-0087,United States Industrial Works 087,United States Industrial Works 087,US,United States,Austin,Battery,2000,2739,840688167.79,110722,"[""NIC"", ""CTN"", ""TIM""]","[""IATF 16949"", ""SA8000"", ""ISO 14001""]",94.36,93.5,91.81,69.4,76.38,54.08,33.7,536,62,Net 30,framework,USD,Low,18.87,Low,Tier 1,active,false,2017-06-01,2024-04-06,91.81,stable,false
SUP-0088,United States Global Industries 088,United States Global Industries 088,US,United States,Chicago,Polymers,1987,1645,842181359.26,663831,"[""PLA"", ""CTN"", ""NIC""]","[""ISO 14001""]",87.54,91.16,85.46,83.24,74.69,96.0,16.2,3290,58,Net 30,framework,USD,Low,22.27,Low,Tier 2,active,false,2017-11-01,2024-07-20,85.46,stable,false
SUP-0089,United States Integrated Supply 089,United States Integrated Supply 089,US,United States,Houston,Construction,1990,16974,479114750.84,1207442,"[""TIM"", ""LIT"", ""COP""]","[""ISO 14001"", ""LEED"", ""ResponsibleSteel""]",92.79,100,85.94,60.8,75.85,87.76,21.4,243,19,Net 90,spot,USD,Low,19.56,Low,Tier 1,active,false,2017-11-01,2024-03-10,85.94,stable,false
SUP-0090,United States Advanced Materials 090,United States Advanced Materials 090,US,United States,Detroit,Polymers,1979,1541,290637413.54,640102,"[""RBR"", ""ALM"", ""CEM""]","[""ISO 9001"", ""ResponsibleSteel"", ""ISO 14001""]",79.24,85.86,75.33,63.15,78.65,73.78,7.6,4711,20,Net 30,multi-year,USD,Low,20.75,Low,Tier 2,active,false,2017-04-01,2024-04-07,75.33,stable,false
SUP-0091,Germany Precision Components 091,Germany Precision Components 091,DE,Germany,Stuttgart,Construction,1979,1321,515968833.02,695887,"[""GLS"", ""SLC"", ""PAP"", ""CTN""]","[""IATF 16949"", ""ISO 14001""]",80.9,82.74,83.9,80.71,69.31,75.69,33.2,2373,20,Net 90,framework,EUR,Low,22.59,Low,Tier 2,active,false,2017-05-01,2024-06-07,83.9,stable,false
SUP-0092,Germany Industrial Works 092,Germany Industrial Works 092,DE,Germany,Stuttgart,Metals,1983,48,201428869.71,398610,"[""STL"", ""RBR""]","[""ISO 45001""]",96.91,83.07,76.36,82.32,77.19,72.69,59.5,3959,15,Net 30,spot,EUR,Low,25.83,Low,Tier 3,active,false,2017-09-01,2024-05-21,76.36,stable,false
SUP-0093,Germany Global Industries 093,Germany Global Industries 093,DE,Germany,Hamburg,Metals,1982,151,592383188.36,454795,"[""ALM"", ""TIM""]","[""IATF 16949"", ""ISO 14001"", ""ISO 45001""]",69.64,93.43,79.52,79.24,73.33,93.97,61.1,3093,51,Net 45,framework,EUR,Low,29.67,Low,Tier 3,active,false,2017-01-01,2024-11-04,79.52,stable,false
SUP-0094,Germany Integrated Supply 094,Germany Integrated Supply 094,DE,Germany,Hamburg,Battery,1988,1125,935313382.16,448096,"[""NIC"", ""LIT"", ""CEM"", ""PAP"", ""ALM""]","[""ISO 9001""]",90.17,80.31,88.38,77.64,85.94,83.31,14.2,2325,11,Net 30,multi-year,EUR,Low,15.72,Low,Tier 2,active,false,2017-04-01,2024-06-23,88.38,stable,false
SUP-0095,Germany Advanced Materials 095,Germany Advanced Materials 095,DE,Germany,Hamburg,Construction,1986,2213,307326373.13,838440,"[""TIM"", ""RBR"", ""SLC"", ""GLS""]","[""ISO 14001""]",82.02,87.77,81.29,77.39,91.77,81.69,8.1,1399,29,Net 45,framework,EUR,Low,15.54,Low,Tier 2,active,false,2017-10-01,2024-03-12,81.29,stable,false
SUP-0096,Germany Precision Components 096,Germany Precision Components 096,DE,Germany,Frankfurt,Metals,1993,1193,100773780.43,849810,"[""ALM"", ""COP"", ""GLS"", ""LIT""]","[""LEED"", ""ISO 9001"", ""SA8000"", ""ResponsibleSteel""]",82.77,85.62,86.57,78.75,82.55,85.85,13.6,2782,32,Net 60,spot,EUR,Low,21.83,Low,Tier 2,active,false,2017-12-01,2024-02-02,86.57,stable,false
SUP-0097,Germany Industrial Works 097,Germany Industrial Works 097,DE,Germany,Stuttgart,Electronics,1976,1063,278215610.53,450424,"[""SLC"", ""GLS"", ""PLA"", ""SEM""]","[""ISO 9001""]",81.11,78.66,80.86,77.57,99.61,71.04,42.6,442,19,Net 60,spot,EUR,Low,25.7,Low,Tier 2,inactive,false,2017-09-01,2024-04-23,80.86,stable,false
SUP-0098,Germany Global Industries 098,Germany Global Industries 098,DE,Germany,Hamburg,Battery,1984,1677,694391820.76,340647,"[""LIT"", ""TIM"", ""CEM"", ""RBR"", ""NIC""]","[""ISO 9001"", ""ResponsibleSteel"", ""ISO 14001"", ""SA8000""]",99.58,84.37,82.5,76.34,64.8,91.44,36.4,1594,63,Net 30,spot,EUR,Low,22.06,Low,Tier 2,active,false,2017-12-01,2024-02-04,82.5,stable,false
SUP-0099,Germany Integrated Supply 099,Germany Integrated Supply 099,DE,Germany,Frankfurt,Packaging,1975,2195,336788230.33,49348,"[""PAP"", ""COP"", ""PLA""]","[""ISO 45001""]",89.16,78.91,89.91,72.8,89.03,81.44,16.0,4456,62,Net 45,spot,EUR,Low,22.27,Low,Tier 2,active,false,2017-10-01,2024-12-24,89.91,stable,false
SUP-0100,Germany Advanced Materials 100,Germany Advanced Materials 100,DE,Germany,Hamburg,Construction,1999,8168,1216638250.75,380442,"[""GLS"", ""CTN"", ""REE"", ""RBR""]","[""ResponsibleSteel"", ""ISO 9001"", ""ISO 14001""]",100,100,91.37,71.42,73.64,72.87,33.4,4728,10,Net 45,spot,EUR,Low,19.71,Low,Tier 1,active,false,2017-01-01,2024-08-14,91.37,stable,false
SUP-0101,Germany Precision Components 101,Germany Precision Components 101,DE,Germany,Stuttgart,Construction,1995,1787,675920513.66,466175,"[""TIM"", ""GLS"", ""STL"", ""SLC""]","[""ResponsibleSteel"", ""IATF 16949""]",92.01,88.32,73.77,77.74,100,99.72,27.5,3564,53,Net 30,multi-year,EUR,Low,26.72,Low,Tier 2,active,false,2017-05-01,2024-08-07,73.77,stable,false
SUP-0102,Germany Industrial Works 102,Germany Industrial Works 102,DE,Germany,Hamburg,Polymers,2008,2040,947650421.33,832874,"[""PLA"", ""COP"", ""TIM"", ""SLC"", ""GLS""]","[""ISO 14001"", ""SA8000"", ""LEED"", ""IATF 16949""]",83.71,93.99,85.26,87.81,62.96,86.97,38.8,598,17,Net 90,multi-year,EUR,Low,14.55,Low,Tier 2,active,false,2017-09-01,2024-02-23,85.26,stable,false
SUP-0103,Germany Global Industries 103,Germany Global Industries 103,DE,Germany,Stuttgart,Construction,2009,854,76990703.5,356619,"[""TIM"", ""PAP"", ""NIC"", ""RBR""]","[""ISO 45001"", ""ISO 9001"", ""LEED"", ""ISO 14001""]",100,86.06,94.06,76.15,72.16,91.68,7.4,1660,9,Net 60,framework,EUR,Low,4.79,Low,Tier 2,active,false,2017-07-01,2024-10-22,94.06,stable,false
SUP-0104,Germany Integrated Supply 104,Germany Integrated Supply 104,DE,Germany,Frankfurt,Construction,1980,2008,765747465.12,258638,"[""TIM"", ""SEM"", ""NIC""]","[""SA8000""]",76.72,85.02,77.42,62.79,80.28,94.94,43.3,1012,64,Net 45,multi-year,EUR,Low,20.13,Low,Tier 2,active,false,2017-05-01,2024-07-09,77.42,stable,false
SUP-0105,Germany Advanced Materials 105,Germany Advanced Materials 105,DE,Germany,Frankfurt,Metals,2000,1222,280490990.07,270165,"[""ALM"", ""TIM"", ""GLS""]","[""ResponsibleSteel"", ""ISO 45001""]",78.27,91.89,92.76,69.48,76.34,91.01,18.1,4860,21,Net 60,framework,EUR,Low,24.38,Low,Tier 2,active,false,2017-02-01,2024-03-25,92.76,stable,false
SUP-0106,Germany Precision Components 106,Germany Precision Components 106,DE,Germany,Munich,Electronics,1996,2440,711635421.95,402103,"[""REE"", ""ALM"", ""COP"", ""GLS""]","[""IATF 16949""]",76.89,88.22,77.24,72.46,84.48,100,25.4,407,35,Net 90,spot,EUR,Low,19.51,Low,Tier 2,active,false,2017-11-01,2024-03-22,77.24,stable,false
SUP-0107,Germany Industrial Works 107,Germany Industrial Works 107,DE,Germany,Stuttgart,Construction,1992,21231,527768378.71,615491,"[""CEM"", ""ALM"", ""REE""]","[""ISO 45001"", ""SA8000"", ""IATF 16949"", ""ResponsibleSteel""]",100,97.19,86.82,79.93,70.51,92.94,30.7,1293,47,Net 90,spot,EUR,Low,13.32,Low,Tier 1,inactive,false,2017-03-01,2024-03-17,86.82,stable,false
SUP-0108,Germany Global Industries 108,Germany Global Industries 108,DE,Germany,Stuttgart,Electronics,2005,2682,209821458.31,593831,"[""SEM"", ""REE"", ""GLS""]","[""ISO 45001"", ""ISO 9001"", ""ResponsibleSteel""]",100,97.97,83.83,79.79,86.79,67.82,32.6,1947,30,Net 60,spot,EUR,Low,16.32,Low,Tier 1,active,false,2017-10-01,2024-01-19,83.83,stable,false
SUP-0109,Japan Precision Supply 109,Japan Precision Supply 109,JP,Japan,Nagoya,Electronics,1978,22976,559867328.87,732992,"[""SLC"", ""PLA""]","[""LEED""]",100,96.18,92.1,87.81,86.59,92.07,7.9,3354,35,Net 60,multi-year,JPY,Low,10.37,Low,Tier 1,active,false,2017-12-01,2024-12-05,92.1,stable,false
SUP-0110,Japan Industrial Materials 110,Japan Industrial Materials 110,JP,Japan,Nagoya,Metals,1999,9690,223689135.26,1197662,"[""ALM"", ""SEM"", ""GLS"", ""NIC"", ""CTN""]","[""ISO 9001"", ""ResponsibleSteel"", ""ISO 14001"", ""LEED""]",92.0,100,88.4,88.16,79.01,71.07,,2846,32,Net 60,multi-year,JPY,Low,11.47,Low,Tier 1,active,false,2017-01-01,2024-09-07,88.4,stable,false
SUP-0111,Japan Global Components 111,Japan Global Components 111,JP,Japan,Yokohama,Packaging,1991,23672,896571118.84,44843,"[""PAP"", ""GLS"", ""LIT""]","[""ISO 45001""]",90.6,100,94.67,66.29,68.42,82.52,8.6,1730,13,Net 30,multi-year,JPY,Low,15.39,Low,Tier 1,active,false,2017-08-01,2024-10-03,94.67,stable,false
SUP-0112,Japan Integrated Works 112,Japan Integrated Works 112,JP,Japan,Tokyo,Metals,1987,11076,1304990260.92,639778,"[""ALM"", ""SLC"", ""GLS""]","[""IATF 16949"", ""ISO 14001"", ""ISO 45001""]",90.78,100,100,85.16,72.42,69.69,3.7,4262,29,Net 60,multi-year,JPY,Low,11.0,Low,Tier 1,active,false,2017-10-01,2024-12-05,100,stable,false
SUP-0113,Japan Advanced Industries 113,Japan Advanced Industries 113,JP,Japan,Nagoya,Electronics,1986,19448,1231846589.81,1008197,"[""SLC"", ""COP"", ""TIM"", ""GLS"", ""LIT""]","[""ResponsibleSteel"", ""ISO 45001"", ""LEED"", ""IATF 16949""]",86.1,93.99,81.95,91.91,84.9,95.21,5.3,2129,22,Net 60,spot,JPY,Low,7.95,Low,Tier 1,active,false,2017-01-01,2024-02-04,81.95,stable,false
SUP-0114,Japan Precision Supply 114,Japan Precision Supply 114,JP,Japan,Tokyo,Packaging,2004,16147,557663841.79,1006683,"[""PAP"", ""GLS"", ""NIC"", ""CEM"", ""LIT""]","[""ResponsibleSteel"", ""LEED"", ""ISO 14001""]",96.37,100,85.93,72.95,75.83,75.53,46.3,3235,30,Net 90,spot,JPY,Low,3.21,Low,Tier 1,active,false,2017-10-01,2024-06-14,85.93,stable,false
SUP-0115,Japan Industrial Materials 115,Japan Industrial Materials 115,JP,Japan,Tokyo,Polymers,2007,2331,96563899.02,202515,"[""PLA"", ""COP"", ""STL"", ""PAP""]","[""ISO 45001""]",80.06,93.06,88.03,80.58,98.87,79.63,42.4,4019,21,Net 30,multi-year,JPY,Low,18.08,Low,Tier 2,active,false,2017-06-01,2024-10-17,88.03,stable,false
SUP-0116,Japan Global Components 116,Japan Global Components 116,JP,Japan,Nagoya,Polymers,1978,695,969086988.12,860570,"[""PLA"", ""PAP"", ""REE"", ""TIM"", ""CTN""]","[""ISO 14001"", ""LEED"", ""ISO 9001"", ""IATF 16949""]",82.71,84.77,91.31,75.05,63.83,74.13,29.0,4194,41,Net 60,multi-year,JPY,Low,13.16,Low,Tier 2,active,false,2017-04-01,2024-05-18,91.31,stable,false
SUP-0117,Japan Integrated Works 117,Japan Integrated Works 117,JP,Japan,Osaka,Polymers,1991,5829,1362261036.7,303922,"[""PLA"", ""TIM"", ""GLS"", ""CTN"", ""SEM""]","[""ISO 14001"", ""SA8000"", ""ResponsibleSteel"", ""ISO 45001""]",99.35,96.51,95.33,56.5,62.12,80.63,18.7,4088,12,Net 60,spot,JPY,Low,8.52,Low,Tier 1,active,false,2017-02-01,2024-11-21,95.33,stable,false
SUP-0118,Japan Advanced Industries 118,Japan Advanced Industries 118,JP,Japan,Yokohama,Polymers,1983,387,827655937.54,42240,"[""PLA"", ""COP"", ""NIC"", ""TIM""]","[""LEED"", ""ISO 45001"", ""SA8000""]",81.59,90.66,78.9,81.04,81.32,81.38,37.4,677,8,Net 45,multi-year,JPY,Low,13.87,Low,Tier 2,active,false,2017-04-01,2024-07-08,78.9,stable,false
SUP-0119,Japan Precision Supply 119,Japan Precision Supply 119,JP,Japan,Tokyo,Metals,1995,9989,1181079403.87,1054218,"[""ALM"", ""GLS"", ""STL"", ""RBR"", ""NIC""]","[""ISO 45001""]",100,92.23,87.64,83.52,68.62,76.85,10.0,2653,17,Net 45,framework,JPY,Low,10.65,Low,Tier 1,inactive,false,2017-04-01,2024-12-21,87.64,stable,false
SUP-0120,Japan Industrial Materials 120,Japan Industrial Materials 120,JP,Japan,Osaka,Construction,1979,123,474298449.85,49974,"[""GLS"", ""CEM"", ""SLC"", ""NIC"", ""ALM""]","[""ISO 14001"", ""SA8000"", ""IATF 16949""]",71.9,90.27,88.91,79.3,73.41,70.58,31.9,3119,59,Net 45,framework,JPY,Low,15.86,Low,Tier 3,active,false,2017-07-01,2024-02-05,88.91,stable,false
SUP-0121,Japan Global Components 121,Japan Global Components 121,JP,Japan,Tokyo,Construction,1976,3433,373096240.07,39929,"[""GLS"", ""TIM"", ""PLA"", ""ALM""]","[""ISO 14001""]",96.74,93.56,97.9,73.0,62.72,84.6,14.4,3114,25,Net 30,framework,JPY,Low,9.42,Low,Tier 1,active,false,2017-04-01,2024-05-22,97.9,stable,false
SUP-0122,Japan Integrated Works 122,Japan Integrated Works 122,JP,Japan,Nagoya,Electronics,2002,1082,925356209.2,897847,"[""REE"", ""STL"", ""PLA"", ""LIT"", ""RBR""]","[""SA8000"", ""IATF 16949"", ""ISO 9001"", ""LEED""]",67.2,94.75,91.06,67.91,75.21,56.67,19.2,4993,22,Net 45,framework,JPY,Low,17.48,Low,Tier 2,active,false,2017-04-01,2024-05-13,91.06,stable,false
SUP-0123,Japan Advanced Industries 123,Japan Advanced Industries 123,JP,Japan,Tokyo,Construction,1998,18168,1052196148.11,538085,"[""GLS"", ""REE"", ""SLC"", ""NIC""]","[""ISO 14001""]",91.44,92.14,77.93,69.7,66.75,84.59,36.3,2230,46,Net 30,framework,JPY,Low,20.22,Low,Tier 1,active,false,2017-04-01,2024-02-23,77.93,stable,false
SUP-0124,Vietnam Precision Supply 124,Vietnam Precision Supply 124,VN,Vietnam,Hanoi,Battery,2006,423,665319959.14,418383,"[""NIC"", ""PAP"", ""RBR"", ""CEM""]","[""LEED"", ""ISO 9001"", ""SA8000""]",79.54,80.58,81.52,76.95,57.36,66.58,15.7,4811,63,Net 45,multi-year,VND,Medium,36.12,Medium,Tier 2,active,false,2017-01-01,2024-09-16,81.52,stable,false
SUP-0125,Vietnam Industrial Materials 125,Vietnam Industrial Materials 125,VN,Vietnam,Hai Phong,Battery,1989,416,126552893.72,453676,"[""LIT"", ""RBR""]","[""ISO 9001"", ""IATF 16949""]",78.55,83.67,83.8,83.75,87.57,73.6,47.9,4829,20,Net 45,multi-year,VND,Low,30.99,Low,Tier 2,active,false,2017-07-01,2024-07-17,83.8,stable,false
SUP-0126,Vietnam Global Components 126,Vietnam Global Components 126,VN,Vietnam,Ho Chi Minh City,Battery,1975,71,427623909.82,323235,"[""NIC"", ""PAP""]","[""ISO 9001"", ""LEED"", ""ISO 14001"", ""SA8000""]",79.01,89.67,91.63,70.63,72.51,63.57,19.9,3623,17,Net 90,spot,VND,Medium,36.46,Medium,Tier 3,active,false,2017-01-01,2024-05-13,91.63,stable,false
SUP-0127,Vietnam Integrated Works 127,Vietnam Integrated Works 127,VN,Vietnam,Da Nang,Battery,2006,1811,207824732.11,894700,"[""LIT"", ""CTN""]","[""ResponsibleSteel"", ""ISO 9001"", ""ISO 14001""]",65.11,80.31,79.23,74.55,80.7,80.74,5.4,370,24,Net 60,spot,VND,Low,25.3,Low,Tier 2,active,false,2017-12-01,2024-10-16,79.23,stable,false
SUP-0128,Vietnam Advanced Industries 128,Vietnam Advanced Industries 128,VN,Vietnam,Hanoi,Polymers,1979,7375,690168634.44,558828,"[""RBR"", ""SLC"", ""TIM"", ""SEM""]","[""ISO 14001"", ""LEED""]",90.41,89.97,82.03,81.47,71.72,69.28,13.5,4802,35,Net 90,spot,VND,Low,28.9,Low,Tier 1,active,false,2017-08-01,2024-08-23,82.03,stable,false
SUP-0129,Vietnam Precision Supply 129,Vietnam Precision Supply 129,VN,Vietnam,Hai Phong,Textiles,1987,1553,133864988.57,587875,"[""CTN"", ""COP"", ""NIC"", ""REE""]","[""LEED"", ""ISO 9001"", ""ResponsibleSteel"", ""SA8000""]",80.26,83.07,85.04,83.01,58.98,68.4,29.1,2496,46,Net 60,framework,VND,Medium,37.44,Medium,Tier 2,active,false,2017-09-01,2024-11-14,85.04,stable,false
SUP-0130,Vietnam Industrial Materials 130,Vietnam Industrial Materials 130,VN,Vietnam,Hai Phong,Battery,1997,7742,1062426636.1,859997,"[""LIT"", ""SEM"", ""COP"", ""REE""]","[""IATF 16949"", ""SA8000"", ""LEED""]",100,88.74,98.11,76.63,94.02,52.84,37.9,872,62,Net 90,multi-year,VND,Low,34.87,Low,Tier 1,active,false,2017-10-01,2024-12-07,98.11,stable,false
SUP-0131,Vietnam Global Components 131,Vietnam Global Components 131,VN,Vietnam,Hai Phong,Polymers,1988,1860,552181356.04,542938,"[""PLA"", ""CEM"", ""REE""]","[""LEED"", ""SA8000"", ""IATF 16949"", ""ISO 14001""]",95.65,92.73,87.49,75.86,80.56,67.97,39.0,847,42,Net 45,framework,VND,Low,20.54,Low,Tier 2,inactive,false,2017-12-01,2024-03-15,87.49,stable,false
SUP-0132,Vietnam Integrated Works 132,Vietnam Integrated Works 132,VN,Vietnam,Ho Chi Minh City,Battery,1988,351,459319505.84,544935,"[""LIT"", ""RBR""]","[""ISO 45001"", ""ISO 14001"", ""LEED""]",75.09,89.07,92.24,79.63,74.29,68.31,37.1,1337,11,Net 90,framework,VND,Medium,43.02,Medium,Tier 2,active,false,2017-12-01,2024-11-16,92.24,stable,false
SUP-0133,Vietnam Advanced Industries 133,Vietnam Advanced Industries 133,VN,Vietnam,Hanoi,Electronics,1976,22121,370871647.83,820086,"[""REE"", ""COP"", ""RBR"", ""CTN"", ""STL""]","[""IATF 16949""]",80.14,83.76,97.39,84.22,73.96,86.97,36.4,3991,51,Net 90,spot,VND,Low,23.39,Low,Tier 1,active,false,2017-08-01,2024-11-13,97.39,stable,false
SUP-0134,Vietnam Precision Supply 134,Vietnam Precision Supply 134,VN,Vietnam,Hai Phong,Electronics,2006,18479,906771576.78,526911,"[""SLC"", ""GLS""]","[""ISO 9001""]",73.71,89.83,84.55,66.74,59.76,75.45,18.9,2866,53,Net 90,multi-year,VND,Medium,40.57,Medium,Tier 1,active,false,2017-09-01,2024-03-05,84.55,stable,false
SUP-0135,Vietnam Industrial Materials 135,Vietnam Industrial Materials 135,VN,Vietnam,Hai Phong,Metals,1981,2206,28425539.0,717940,"[""COP"", ""NIC"", ""CTN""]","[""ResponsibleSteel"", ""IATF 16949"", ""ISO 14001"", ""ISO 45001""]",86.54,89.67,72.53,79.96,80.75,73.51,26.5,294,49,Net 45,framework,VND,Low,27.07,Low,Tier 2,inactive,false,2017-04-01,2024-12-15,72.53,stable,false
SUP-0136,Vietnam Global Components 136,Vietnam Global Components 136,VN,Vietnam,Hai Phong,Textiles,2009,1025,292255658.16,822323,"[""CTN"", ""CEM"", ""TIM"", ""NIC""]","[""IATF 16949"", ""ISO 9001"", ""ResponsibleSteel""]",74.18,80.91,83.48,64.37,75.78,77.53,27.4,3997,32,Net 45,multi-year,VND,Low,33.1,Low,Tier 2,active,false,2017-05-01,2024-10-23,83.48,stable,false
SUP-0137,Vietnam Integrated Works 137,Vietnam Integrated Works 137,VN,Vietnam,Hai Phong,Packaging,1976,1646,681844599.95,635886,"[""PAP"", ""STL"", ""CEM"", ""SLC""]","[""IATF 16949""]",94.8,90.88,83.47,85.66,55.94,61.14,17.2,4424,58,Net 45,spot,VND,Low,34.29,Low,Tier 2,active,false,2017-08-01,2024-08-12,83.47,stable,false
SUP-0138,Vietnam Advanced Industries 138,Vietnam Advanced Industries 138,VN,Vietnam,Hanoi,Electronics,1989,957,203104579.48,599164,"[""REE"", ""CTN"", ""SEM"", ""SLC""]","[""ISO 9001"", ""IATF 16949"", ""SA8000""]",79.74,99.12,75.28,69.45,54.78,74.08,42.2,4624,22,Net 60,spot,VND,Medium,37.41,Medium,Tier 2,active,false,2017-12-01,2024-05-12,75.28,stable,false
SUP-0139,South Korea Precision Supply 139,South Korea Precision Supply 139,KR,South Korea,Daegu,Polymers,2006,1991,879082165.38,48045,"[""RBR"", ""CTN"", ""COP"", ""NIC""]","[""LEED"", ""ISO 45001""]",68.09,85.62,89.33,81.3,60.21,74.59,18.1,4143,57,Net 90,spot,KRW,Low,27.32,Low,Tier 2,inactive,false,2017-08-01,2024-07-26,89.33,stable,false
SUP-0140,South Korea Industrial Materials 140,South Korea Industrial Materials 140,KR,South Korea,Seoul,Battery,1997,11105,909553317.47,294790,"[""NIC"", ""CTN"", ""CEM""]","[""SA8000"", ""ResponsibleSteel""]",87.98,89.03,87.75,71.56,69.61,99.29,22.4,4186,13,Net 30,framework,KRW,Low,18.88,Low,Tier 1,active,false,2017-05-01,2024-04-15,87.75,stable,false
SUP-0141,South Korea Global Components 141,South Korea Global Components 141,KR,South Korea,Daegu,Construction,1977,33,470304322.61,180769,"[""GLS"", ""TIM"", ""LIT"", ""SEM""]","[""ResponsibleSteel"", ""LEED""]",89.0,88.61,91.87,71.18,55.63,73.58,39.0,2278,25,Net 45,spot,KRW,Low,26.96,Low,Tier 3,active,false,2017-05-01,2024-06-18,91.87,stable,false
SUP-0142,South Korea Integrated Works 142,South Korea Integrated Works 142,KR,South Korea,Daegu,Battery,1989,8533,1023405474.81,898020,"[""NIC"", ""CTN""]","[""IATF 16949""]",72.71,95.93,78.42,73.11,76.32,73.83,3.2,2901,10,Net 60,framework,KRW,Low,22.97,Low,Tier 1,active,false,2017-08-01,2024-10-05,78.42,stable,false
SUP-0143,South Korea Advanced Industries 143,South Korea Advanced Industries 143,KR,South Korea,Daegu,Polymers,1996,23308,1060333184.33,468332,"[""PLA"", ""LIT"", ""CTN"", ""STL""]","[""ResponsibleSteel"", ""LEED"", ""IATF 16949"", ""ISO 14001""]",84.53,87.57,100,87.98,84.08,87.35,32.9,1102,16,Net 45,framework,KRW,Low,19.83,Low,Tier 1,active,false,2017-08-01,2024-04-24,100,stable,false
SUP-0144,South Korea Precision Supply 144,South Korea Precision Supply 144,KR,South Korea,Incheon,Metals,1990,1158,964482217.14,347299,"[""STL"", ""SEM"", ""LIT"", ""REE"", ""ALM""]","[""IATF 16949""]",70.9,91.82,80.31,60.75,97.58,79.52,30.2,4302,38,Net 60,spot,KRW,Low,30.92,Low,Tier 2,active,false,2017-05-01,2024-08-11,80.31,stable,false
SUP-0145,South Korea Industrial Materials 145,South Korea Industrial Materials 145,KR,South Korea,Busan,Construction,1999,13064,998519901.8,339708,"[""CEM"", ""SEM"", ""REE""]","[""ISO 14001"", ""ISO 45001""]",76.41,96.96,100,89.78,81.87,91.79,5.4,4629,27,Net 45,spot,KRW,Low,19.07,Low,Tier 1,active,false,2017-02-01,2024-08-16,100,stable,false
SUP-0146,South Korea Global Components 146,South Korea Global Components 146,KR,South Korea,Daegu,Packaging,1980,1803,254079516.92,312674,"[""PAP"", ""STL"", ""LIT"", ""TIM""]","[""ISO 9001"", ""ISO 45001""]",65.97,89.91,89.12,70.78,83.0,83.7,46.2,657,55,Net 90,framework,KRW,Low,17.86,Low,Tier 2,blacklisted,false,2017-04-01,2024-04-05,89.12,stable,false
SUP-0147,South Korea Integrated Works 147,South Korea Integrated Works 147,KR,South Korea,Busan,Electronics,1975,3300,603031255.94,1009559,"[""SEM"", ""STL"", ""NIC"", ""PAP""]","[""ISO 9001"", ""SA8000"", ""ISO 14001"", ""IATF 16949""]",93.65,88.23,82.92,83.37,84.52,72.81,30.0,4539,54,Net 45,spot,KRW,Low,21.48,Low,Tier 1,active,false,2017-05-01,2024-12-18,82.92,stable,false
SUP-0148,South Korea Advanced Industries 148,South Korea Advanced Industries 148,KR,South Korea,Seoul,Battery,1986,18414,163175973.1,963818,"[""LIT"", ""CTN"", ""TIM"", ""PLA"", ""CEM""]","[""ResponsibleSteel"", ""SA8000"", ""LEED""]",82.9,100,90.36,89.33,64.79,80.37,39.4,1860,26,Net 60,spot,KRW,Low,27.42,Low,Tier 1,active,false,2017-10-01,2024-11-19,90.36,stable,false
SUP-0149,South Korea Precision Supply 149,South Korea Precision Supply 149,KR,South Korea,Incheon,Construction,2008,144,576952726.86,163252,"[""CEM"", ""PLA"", ""SLC"", ""TIM"", ""RBR""]","[""LEED"", ""ISO 14001"", ""ISO 9001"", ""SA8000""]",72.63,91.9,86.1,67.65,89.34,76.77,10.1,3897,8,Net 30,multi-year,KRW,Low,19.92,Low,Tier 3,inactive,false,2017-01-01,2024-05-08,86.1,stable,false
SUP-0150,South Korea Industrial Materials 150,South Korea Industrial Materials 150,KR,South Korea,Seoul,Construction,1977,60,194473820.05,65569,"[""TIM"", ""RBR"", ""COP"", ""LIT""]","[""ResponsibleSteel""]",80.86,84.93,80.47,93.18,82.56,83.98,25.6,923,38,Net 30,multi-year,KRW,Low,25.12,Low,Tier 3,active,false,2017-04-01,,80.47,stable,false
SUP-0151,Brazil Precision Components 151,Brazil Precision Components 151,BR,Brazil,Rio de Janeiro,Battery,1984,2108,71543606.19,553595,"[""LIT"", ""PLA""]","[""IATF 16949"", ""ISO 9001"", ""ISO 45001""]",80.11,81.7,90.49,78.09,68.34,80.55,25.5,3613,63,Net 30,spot,BRL,Medium,48.91,Medium,Tier 2,active,false,2017-09-01,2024-05-12,90.49,stable,false
SUP-0152,Brazil Industrial Works 152,Brazil Industrial Works 152,BR,Brazil,Rio de Janeiro,Battery,1990,11947,70955139.73,594440,"[""LIT"", ""COP"", ""CTN""]","[""ISO 9001""]",88.08,90.61,89.76,81.85,81.08,66.59,8.5,2324,66,Net 45,framework,BRL,Medium,41.64,Medium,Tier 1,active,false,2017-01-01,2024-02-15,89.76,stable,false
SUP-0153,Brazil Global Industries 153,Brazil Global Industries 153,BR,Brazil,Rio de Janeiro,Textiles,2001,3329,632064898.02,444283,"[""CTN"", ""PAP"", ""SLC"", ""NIC""]","[""SA8000"", ""ISO 14001"", ""ISO 45001"", ""ISO 9001""]",72.09,92.03,74.47,84.19,86.5,75.84,40.4,2716,53,Net 30,multi-year,BRL,Medium,47.16,Medium,Tier 1,active,false,2017-08-01,2024-04-15,74.47,stable,false
SUP-0154,Brazil Integrated Supply 154,Brazil Integrated Supply 154,BR,Brazil,Rio de Janeiro,Construction,1978,881,68321000.59,45633,"[""GLS"", ""CTN"", ""LIT"", ""REE"", ""PAP""]","[""IATF 16949"", ""ISO 45001""]",89.01,92.28,91.03,71.46,60.48,73.29,6.0,2755,73,Net 45,spot,BRL,Medium,50.06,Medium,Tier 2,active,false,2017-07-01,2024-08-12,91.03,stable,false
SUP-0155,Brazil Advanced Materials 155,Brazil Advanced Materials 155,BR,Brazil,Sao Paulo,Polymers,1985,1584,554846950.68,402760,"[""PLA"", ""CTN"", ""CEM"", ""LIT""]","[""LEED""]",83.77,92.32,68.82,86.26,69.4,85.73,12.1,304,53,Net 45,multi-year,BRL,Medium,44.47,Medium,Tier 2,active,false,2017-07-01,2024-01-16,68.82,stable,false
SUP-0156,Brazil Precision Components 156,Brazil Precision Components 156,BR,Brazil,Sao Paulo,Battery,2015,226,331663759.33,109541,"[""NIC"", ""PAP"", ""TIM"", ""SLC"", ""CTN""]","[""ISO 45001"", ""ISO 14001"", ""IATF 16949"", ""LEED""]",81.41,89.72,77.1,59.02,77.48,88.34,42.4,1120,46,Net 90,multi-year,BRL,Medium,42.74,Medium,Tier 3,active,false,2017-12-01,2024-01-23,77.1,stable,false
SUP-0157,Brazil Industrial Works 157,Brazil Industrial Works 157,BR,Brazil,Curitiba,Electronics,1979,5884,643329862.7,81471,"[""SEM"", ""ALM"", ""STL""]","[""SA8000"", ""ISO 14001""]",77.72,91.13,96.22,69.1,77.66,77.92,31.5,3378,27,Net 45,spot,BRL,Medium,45.61,Medium,Tier 1,inactive,false,2017-06-01,2024-06-12,96.22,stable,false
SUP-0158,Brazil Global Industries 158,Brazil Global Industries 158,BR,Brazil,Curitiba,Electronics,2004,1039,497264908.18,620649,"[""SEM"", ""PAP"", ""SLC"", ""CTN""]","[""SA8000"", ""ISO 9001"", ""ISO 45001"", ""ResponsibleSteel""]",75.83,83.07,81.78,79.79,74.1,67.65,29.7,4293,17,Net 45,multi-year,BRL,Medium,49.07,Medium,Tier 2,active,false,2017-12-01,2024-07-10,81.78,stable,false
SUP-0159,Brazil Integrated Supply 159,Brazil Integrated Supply 159,BR,Brazil,Curitiba,Packaging,2009,1188,571625460.02,12729,"[""PAP"", ""LIT""]","[""ISO 9001"", ""SA8000"", ""ResponsibleSteel"", ""ISO 45001""]",81.4,76.55,78.35,73.45,82.21,70.23,32.4,1647,68,Net 45,framework,BRL,Medium,36.97,Medium,Tier 2,active,false,2017-03-01,2024-09-23,78.35,stable,false
SUP-0160,Brazil Advanced Materials 160,Brazil Advanced Materials 160,BR,Brazil,Sao Paulo,Metals,2002,19996,380461055.07,525140,"[""ALM"", ""CEM"", ""NIC"", ""PLA"", ""PAP""]","[""ISO 14001""]",90.41,94.52,86.25,75.84,56.97,87.48,30.3,2819,64,Net 60,framework,BRL,Medium,41.13,Medium,Tier 1,active,false,2017-07-01,2024-09-10,86.25,stable,false
SUP-0161,Mexico Precision Components 161,Mexico Precision Components 161,MX,Mexico,Mexico City,Polymers,2008,2410,409616854.01,131507,"[""RBR"", ""STL"", ""CTN"", ""PLA"", ""CEM""]","[""ResponsibleSteel"", ""ISO 45001"", ""ISO 9001"", ""LEED""]",70.66,85.89,87.45,70.89,83.33,98.21,34.8,986,38,Net 90,multi-year,MXN,Medium,41.35,Medium,Tier 2,active,false,2017-05-01,2024-08-12,87.45,stable,false
SUP-0162,Mexico Industrial Works 162,Mexico Industrial Works 162,MX,Mexico,Monterrey,Construction,1996,13589,732655814.71,891905,"[""CEM"", ""REE""]","[""LEED"", ""ISO 14001""]",83.05,100,84.72,69.22,71.27,79.05,15.3,1895,39,Net 45,framework,MXN,Medium,39.08,Medium,Tier 1,active,false,2017-03-01,2024-07-25,84.72,stable,false
SUP-0163,Mexico Global Industries 163,Mexico Global Industries 163,MX,Mexico,Monterrey,Polymers,1995,1181,219451071.79,16989,"[""PLA"", ""TIM""]","[""LEED"", ""ISO 14001"", ""SA8000""]",76.51,87.71,87.23,77.15,81.15,73.22,33.2,2143,50,Net 30,multi-year,MXN,Medium,43.17,Medium,Tier 2,active,false,2017-11-01,2024-04-02,87.23,stable,false
SUP-0164,Mexico Integrated Supply 164,Mexico Integrated Supply 164,MX,Mexico,Monterrey,Metals,1992,4247,610126467.14,467390,"[""COP"", ""PLA"", ""ALM"", ""CTN"", ""NIC""]","[""ResponsibleSteel"", ""IATF 16949""]",67.7,96.03,88.48,87.04,78.09,92.64,25.0,4923,25,Net 90,spot,MXN,Medium,58.85,Medium,Tier 1,active,false,2017-02-01,2024-06-26,88.48,stable,false
SUP-0165,Mexico Advanced Materials 165,Mexico Advanced Materials 165,MX,Mexico,Monterrey,Metals,2004,892,449843469.32,619429,"[""ALM"", ""GLS"", ""SEM"", ""RBR""]","[""SA8000"", ""ISO 45001"", ""IATF 16949""]",76.51,83.28,77.91,60.46,77.58,71.26,4.5,4424,19,Net 60,multi-year,MXN,Medium,47.46,Medium,Tier 2,active,false,2017-03-01,2024-06-13,77.91,stable,false
SUP-0166,Mexico Precision Components 166,Mexico Precision Components 166,MX,Mexico,Monterrey,Construction,1982,741,611944684.17,239576,"[""GLS"", ""CTN"", ""RBR"", ""PLA""]","[""IATF 16949"", ""SA8000"", ""ISO 9001""]",72.87,75.34,83.06,74.61,88.74,76.69,24.7,4967,9,Net 30,multi-year,MXN,Medium,44.11,Medium,Tier 2,active,false,2017-09-01,2024-06-22,83.06,stable,false
SUP-0167,Mexico Industrial Works 167,Mexico Industrial Works 167,MX,Mexico,Monterrey,Packaging,2010,4511,627457858.69,391257,"[""PAP"", ""SLC""]","[""ISO 45001"", ""ISO 9001"", ""ResponsibleSteel""]",79.63,90.6,92.18,84.89,71.57,77.7,26.5,1963,34,Net 60,spot,MXN,Medium,47.59,Medium,Tier 1,active,false,2017-04-01,2024-11-14,92.18,stable,false
SUP-0168,Mexico Global Industries 168,Mexico Global Industries 168,MX,Mexico,Monterrey,Metals,2003,18335,378412335.15,1164999,"[""ALM"", ""SEM"", ""STL""]","[""ISO 14001"", ""ISO 9001"", ""ISO 45001"", ""IATF 16949""]",100,90.12,88.59,60.28,64.08,75.99,6.5,765,32,Net 60,multi-year,MXN,Low,31.91,Low,Tier 1,inactive,false,2017-05-01,2024-06-05,88.59,stable,false
SUP-0169,Mexico Integrated Supply 169,Mexico Integrated Supply 169,MX,Mexico,Guadalajara,Construction,2000,1172,825875541.3,888925,"[""TIM"", ""CTN"", ""NIC"", ""SEM"", ""LIT""]","[""SA8000"", ""ISO 45001"", ""LEED""]",67.22,93.66,86.98,72.04,66.13,70.72,41.2,4136,12,Net 90,framework,MXN,Medium,41.34,Medium,Tier 2,active,false,2017-06-01,2024-08-09,86.98,stable,false
SUP-0170,Mexico Advanced Materials 170,Mexico Advanced Materials 170,MX,Mexico,Guadalajara,Construction,1976,174,247814016.07,90845,"[""CEM"", ""NIC"", ""GLS"", ""ALM""]","[""ISO 9001""]",82.62,77.72,86.6,73.58,70.98,71.84,21.4,4943,22,Net 90,spot,MXN,Medium,38.77,Medium,Tier 3,active,false,2017-01-01,2024-02-07,86.6,stable,false
SUP-0171,Thailand Precision Components 171,Thailand Precision Components 171,TH,Thailand,Bangkok,Metals,1993,543,472686186.1,67763,"[""STL"", ""PLA"", ""ALM"", ""SLC"", ""GLS""]","[""ResponsibleSteel"", ""IATF 16949""]",80.4,81.99,82.95,76.13,68.7,81.05,13.1,4504,54,Net 60,spot,THB,Medium,48.25,Medium,Tier 2,active,false,2017-02-01,2024-12-23,82.95,stable,false
SUP-0172,Thailand Industrial Works 172,Thailand Industrial Works 172,TH,Thailand,Chon Buri,Polymers,1995,19,217826954.01,132530,"[""PLA"", ""GLS""]","[""ISO 14001"", ""ISO 9001""]",83.65,89.58,88.18,59.17,60.4,85.06,8.6,1938,49,Net 60,multi-year,THB,Medium,35.41,Medium,Tier 3,active,false,2017-11-01,2024-04-16,88.18,stable,false
SUP-0173,Thailand Global Industries 173,Thailand Global Industries 173,TH,Thailand,Bangkok,Battery,1978,19433,710164340.61,1041918,"[""LIT"", ""GLS""]","[""ISO 14001"", ""ISO 9001"", ""IATF 16949""]",78.8,98.34,90.41,62.94,77.59,77.72,16.6,3018,54,Net 60,framework,THB,Medium,41.25,Medium,Tier 1,active,false,2017-08-01,2024-09-19,90.41,stable,false
SUP-0174,Thailand Integrated Supply 174,Thailand Integrated Supply 174,TH,Thailand,Bangkok,Polymers,1981,308,136752616.45,797139,"[""PLA"", ""SLC"", ""PAP"", ""GLS"", ""ALM""]","[""IATF 16949"", ""ISO 45001"", ""ISO 14001""]",68.45,81.48,92.29,78.17,64.37,51.66,35.1,3697,56,Net 30,multi-year,THB,Medium,50.71,Medium,Tier 2,active,false,2017-07-01,2024-12-15,92.29,stable,false
SUP-0175,Thailand Advanced Materials 175,Thailand Advanced Materials 175,TH,Thailand,Rayong,Construction,2007,3752,75379712.91,209327,"[""GLS"", ""RBR""]","[""IATF 16949""]",95.16,84.09,82.65,61.4,73.57,88.84,9.2,2758,11,Net 45,framework,THB,Low,31.43,Low,Tier 1,active,false,2017-04-01,2024-09-11,82.65,stable,false
SUP-0176,Thailand Precision Components 176,Thailand Precision Components 176,TH,Thailand,Rayong,Battery,1978,1063,185086332.58,386677,"[""LIT"", ""ALM"", ""GLS"", ""PAP""]","[""ISO 45001""]",84.83,90.74,89.79,81.05,61.45,69.09,10.6,660,23,Net 45,framework,THB,Low,33.09,Low,Tier 2,active,false,2017-07-01,2024-01-17,89.79,stable,false
SUP-0177,Thailand Industrial Works 177,Thailand Industrial Works 177,TH,Thailand,Rayong,Metals,2010,16987,839402784.91,408525,"[""COP"", ""NIC""]","[""ISO 9001""]",80.97,87.35,85.93,67.98,84.61,79.58,46.6,4569,60,Net 60,spot,THB,Medium,41.3,Medium,Tier 1,active,false,2017-11-01,2024-12-02,85.93,stable,false
SUP-0178,Thailand Global Industries 178,Thailand Global Industries 178,TH,Thailand,Chon Buri,Polymers,1990,230,208228429.93,313924,"[""PLA"", ""STL""]","[""ISO 45001"", ""ISO 14001""]",77.0,86.13,85.69,91.12,73.35,66.32,37.3,1564,24,Net 30,spot,THB,Medium,38.44,Medium,Tier 3,active,false,2017-12-01,2024-12-20,85.69,stable,false
SUP-0179,Poland Precision Supply 179,Poland Precision Supply 179,PL,Poland,Krakow,Electronics,1989,1539,506663391.49,603184,"[""SLC"", ""GLS"", ""ALM"", ""STL"", ""PLA""]","[""ISO 45001"", ""IATF 16949"", ""SA8000""]",70.52,84.31,72.27,76.84,65.53,82.33,8.3,4649,33,Net 30,spot,PLN,Low,34.84,Low,Tier 2,active,false,2017-02-01,2024-05-05,72.27,stable,false
SUP-0180,Poland Industrial Materials 180,Poland Industrial Materials 180,PL,Poland,Krakow,Polymers,1993,5178,108824524.7,549770,"[""PLA"", ""RBR""]","[""ISO 9001"", ""IATF 16949""]",89.98,100,86.45,74.61,58.41,75.58,7.2,456,25,Net 45,multi-year,PLN,Low,26.64,Low,Tier 1,active,false,2017-07-01,2024-11-11,86.45,stable,false
SUP-0181,Poland Global Components 181,Poland Global Components 181,PL,Poland,Krakow,Electronics,2012,46,241077449.14,306467,"[""REE"", ""STL"", ""RBR"", ""CEM"", ""NIC""]","[""IATF 16949"", ""ISO 14001"", ""ResponsibleSteel"", ""LEED""]",67.43,83.28,81.58,87.92,61.17,87.39,31.6,793,20,Net 45,framework,PLN,Low,31.51,Low,Tier 3,inactive,false,2017-06-01,2024-11-13,81.58,stable,false
SUP-0182,Poland Integrated Works 182,Poland Integrated Works 182,PL,Poland,Warsaw,Metals,1994,2174,818232676.3,147773,"[""STL"", ""NIC""]","[""SA8000"", ""ISO 9001""]",76.44,94.92,80.13,80.84,75.68,80.56,18.6,2563,39,Net 90,spot,PLN,Low,30.9,Low,Tier 2,inactive,false,2017-11-01,2024-06-12,80.13,stable,false
SUP-0183,Poland Advanced Industries 183,Poland Advanced Industries 183,PL,Poland,Warsaw,Textiles,1975,21543,146457422.69,928239,"[""CTN"", ""COP"", ""REE"", ""PAP"", ""PLA""]","[""ISO 45001"", ""ISO 14001"", ""IATF 16949"", ""SA8000""]",79.1,100,86.31,75.06,75.91,99.66,44.5,2517,64,Net 90,framework,PLN,Low,24.01,Low,Tier 1,inactive,false,2017-08-01,2024-01-12,86.31,stable,false
SUP-0184,Poland Precision Supply 184,Poland Precision Supply 184,PL,Poland,Warsaw,Metals,1984,24245,310041933.26,607539,"[""STL"", ""COP"", ""SLC"", ""GLS"", ""REE""]","[""SA8000"", ""LEED""]",87.66,94.95,85.66,100,79.26,80.67,7.3,781,20,Net 30,spot,PLN,Low,23.37,Low,Tier 1,inactive,false,2017-03-01,2024-07-17,85.66,stable,false
SUP-0185,Poland Industrial Materials 185,Poland Industrial Materials 185,PL,Poland,Krakow,Metals,1990,1981,509993341.99,796650,"[""COP"", ""REE""]","[""ISO 45001"", ""ResponsibleSteel""]",89.95,91.66,82.16,75.62,54.87,94.41,13.6,4450,14,Net 45,framework,PLN,Low,30.22,Low,Tier 2,inactive,false,2017-01-01,2024-01-18,82.16,stable,false
SUP-0186,Poland Global Components 186,Poland Global Components 186,PL,Poland,Krakow,Construction,2007,1406,89611084.76,35104,"[""GLS"", ""PAP"", ""NIC"", ""CEM"", ""TIM""]","[""SA8000"", ""ISO 45001"", ""LEED"", ""IATF 16949""]",78.33,82.88,92.51,74.63,66.63,83.86,31.7,530,9,Net 30,multi-year,PLN,Low,26.0,Low,Tier 2,inactive,false,2017-02-01,2024-07-20,92.51,stable,false
SUP-0187,Turkey Precision Works 187,Turkey Precision Works 187,TR,Turkey,Ankara,Textiles,1990,327,656467733.42,69078,"[""CTN"", ""SLC""]","[""ISO 9001"", ""LEED"", ""ISO 14001"", ""ISO 45001""]",69.96,99.65,85.98,53.57,59.09,81.91,40.1,4237,34,Net 90,framework,TRY,Medium,56.33,Medium,Tier 2,inactive,false,2017-02-01,2024-01-09,85.98,stable,false
SUP-0188,Turkey Industrial Industries 188,Turkey Industrial Industries 188,TR,Turkey,Bursa,Metals,1998,329,26036459.22,870908,"[""STL"", ""ALM""]","[""IATF 16949""]",72.78,78.05,70.63,79.83,62.17,62.04,23.8,3998,20,Net 60,multi-year,TRY,High,61.2,High,Tier 2,inactive,false,2017-04-01,2024-11-23,70.63,stable,false
SUP-0189,Turkey Global Supply 189,Turkey Global Supply 189,TR,Turkey,Bursa,Polymers,1982,335,463782104.08,702797,"[""PLA"", ""RBR""]","[""ISO 14001"", ""ResponsibleSteel"", ""SA8000""]",76.81,89.91,82.52,65.06,65.82,57.83,12.0,1729,50,Net 45,multi-year,TRY,Medium,55.58,Medium,Tier 2,inactive,false,2017-12-01,2024-11-12,82.52,stable,false
SUP-0190,Turkey Integrated Materials 190,Turkey Integrated Materials 190,TR,Turkey,Istanbul,Polymers,1990,900,646579966.91,886985,"[""PLA"", ""PAP"", ""SEM""]","[""SA8000"", ""LEED""]",68.53,78.4,81.86,61.49,67.36,100,47.7,1316,21,Net 90,framework,TRY,Medium,57.78,Medium,Tier 2,inactive,false,2017-06-01,2024-01-23,81.86,stable,false
SUP-0191,Turkey Advanced Components 191,Turkey Advanced Components 191,TR,Turkey,Bursa,Packaging,1976,1349,419739597.52,557319,"[""PAP"", ""LIT"", ""GLS"", ""STL"", ""SEM""]","[""ISO 14001"", ""SA8000"", ""ResponsibleSteel""]",63.1,81.46,85.21,74.15,65.05,56.6,15.0,3530,42,Net 90,multi-year,TRY,Medium,59.93,Medium,Tier 2,inactive,false,2017-09-01,2024-05-05,85.21,stable,false
SUP-0192,Turkey Precision Works 192,Turkey Precision Works 192,TR,Turkey,Istanbul,Construction,1997,5383,224568590.53,938892,"[""GLS"", ""PLA""]","[""SA8000"", ""IATF 16949""]",84.3,100,83.89,76.09,76.16,78.05,26.3,4102,57,Net 45,spot,TRY,Medium,54.06,Medium,Tier 1,inactive,false,2017-02-01,2024-03-13,83.89,stable,false
SUP-0193,South Africa Precision Industries 193,South Africa Precision Industries 193,ZA,South Africa,Durban,Electronics,1995,15116,840527724.24,290345,"[""SLC"", ""SEM""]","[""LEED"", ""ISO 45001""]",78.34,96.96,82.45,69.38,66.72,77.72,47.6,1093,36,Net 30,multi-year,ZAR,Medium,57.27,Medium,Tier 1,inactive,false,2017-10-01,2024-09-22,82.45,stable,false
SUP-0194,South Africa Industrial Supply 194,South Africa Industrial Supply 194,ZA,South Africa,Durban,Electronics,1992,243,13436007.18,441118,"[""REE"", ""PAP"", ""SLC"", ""RBR""]","[""ISO 14001"", ""ResponsibleSteel"", ""LEED"", ""SA8000""]",68.82,82.49,79.23,77.33,57.68,67.45,3.7,1815,26,Net 60,framework,ZAR,High,68.76,High,Tier 3,inactive,false,2017-01-01,2024-01-25,79.23,stable,false
SUP-0195,South Africa Global Materials 195,South Africa Global Materials 195,ZA,South Africa,Johannesburg,Construction,1989,1181,608814287.0,472402,"[""GLS"", ""SLC"", ""STL"", ""COP""]","[""SA8000"", ""IATF 16949""]",78.72,85.0,89.12,70.36,72.45,59.83,29.0,226,26,Net 45,spot,ZAR,High,61.09,High,Tier 2,inactive,false,2017-11-01,2024-03-08,89.12,stable,false
SUP-0196,South Africa Integrated Components 196,South Africa Integrated Components 196,ZA,South Africa,Johannesburg,Battery,1980,2376,121853740.25,830032,"[""LIT"", ""RBR""]","[""SA8000""]",77.22,90.65,79.61,82.69,58.08,87.88,30.5,2991,43,Net 60,framework,ZAR,High,60.3,High,Tier 2,inactive,false,2017-09-01,2024-02-25,79.61,stable,false
SUP-0197,Australia Precision Works 197,Australia Precision Works 197,AU,Australia,Sydney,Packaging,1978,15543,559143624.83,907928,"[""PAP"", ""STL"", ""REE"", ""COP"", ""LIT""]","[""LEED"", ""SA8000""]",92.51,85.31,87.77,79.7,76.99,78.87,22.5,817,30,Net 45,spot,AUD,Low,18.46,Low,Tier 1,inactive,false,2017-06-01,2024-05-21,87.77,stable,false
SUP-0198,Australia Industrial Industries 198,Australia Industrial Industries 198,AU,Australia,Sydney,Electronics,1991,2238,773479802.55,707050,"[""SEM"", ""CTN"", ""CEM""]","[""SA8000""]",83.61,77.6,95.64,68.22,81.22,69.4,43.4,4752,30,Net 90,multi-year,AUD,Low,26.4,Low,Tier 2,inactive,false,2017-12-01,2024-11-21,95.64,stable,false
SUP-0199,Australia Global Supply 199,Australia Global Supply 199,AU,Australia,Melbourne,Construction,1976,1966,439744485.36,565620,"[""CEM"", ""SLC""]","[""SA8000"", ""ISO 9001""]",92.38,80.0,79.75,69.15,58.89,71.18,6.8,4861,35,Net 90,multi-year,AUD,Low,26.0,Low,Tier 2,inactive,false,2017-09-01,2024-03-21,79.75,stable,false
SUP-0200,Australia Integrated Materials 200,Australia Integrated Materials 200,AU,Australia,Melbourne,Electronics,1983,2226,32457246.93,814482,"[""SEM"", ""PAP"", ""CTN"", ""CEM"", ""TIM""]","[""ResponsibleSteel"", ""ISO 45001""]",96.98,88.64,79.85,86.49,78.99,96.2,21.4,3575,53,Net 90,spot,AUD,Low,21.23,Low,Tier 2,inactive,false,2017-10-01,2024-11-17,79.85,stable,false
SUP-0201,Canada Precision Components 201,Canada Precision Components 201,CA,Canada,Toronto,Electronics,1981,46,483686289.34,103369,"[""REE"", ""LIT"", ""GLS"", ""CEM""]","[""SA8000""]",88.45,81.44,66.82,88.35,88.94,87.31,11.4,871,20,Net 90,multi-year,CAD,Low,29.99,Low,Tier 3,blacklisted,false,2017-07-01,2024-01-11,66.82,stable,false
SUP-0202,Canada Industrial Works 202,Canada Industrial Works 202,CA,Canada,Toronto,Battery,2000,1226,243677139.01,232765,"[""LIT"", ""GLS"", ""CTN"", ""STL"", ""CEM""]","[""ISO 45001"", ""SA8000"", ""IATF 16949"", ""LEED""]",91.45,90.72,87.77,64.34,86.8,78.85,32.2,4265,54,Net 60,multi-year,CAD,Low,16.47,Low,Tier 2,blacklisted,false,2017-12-01,2024-06-15,87.77,stable,false
SUP-0203,Canada Global Industries 203,Canada Global Industries 203,CA,Canada,Vancouver,Metals,2014,211,465808675.82,48611,"[""STL"", ""ALM"", ""SEM"", ""TIM"", ""REE""]","[""IATF 16949""]",87.68,71.95,91.93,73.96,78.27,71.34,37.6,3380,12,Net 90,spot,CAD,Low,32.49,Low,Tier 3,blacklisted,false,2017-11-01,2024-12-13,91.93,stable,false
SUP-0204,Canada Integrated Supply 204,Canada Integrated Supply 204,CA,Canada,Vancouver,Packaging,1986,13707,120090808.17,479100,"[""PAP"", ""GLS""]","[""IATF 16949""]",88.1,84.6,98.05,79.34,86.54,77.87,17.3,1718,57,Net 45,multi-year,CAD,Low,15.59,Low,Tier 1,blacklisted,false,2017-04-01,2024-07-25,98.05,stable,false
SUP-0205,Canada Advanced Materials 205,Canada Advanced Materials 205,CA,Canada,Vancouver,Metals,2006,30,550190117.95,522554,"[""COP"", ""TIM"", ""CTN""]","[""ISO 45001"", ""SA8000""]",77.46,91.32,85.55,73.58,81.21,72.46,42.0,1200,42,Net 30,multi-year,CAD,Low,16.63,Low,Tier 3,blacklisted,false,2017-12-01,2024-01-22,85.55,stable,false
